NU_INSCRICAO,NU_ANO,TP_FAIXA_ETARIA,TP_SEXO,TP_ESTADO_CIVIL,TP_COR_RACA,TP_NACIONALIDADE,TP_ST_CONCLUSAO,TP_ANO_CONCLUIU,TP_ESCOLA,TP_ENSINO,IN_TREINEIRO,CO_MUNICIPIO_ESC,NO_MUNICIPIO_ESC,CO_UF_ESC,SG_UF_ESC,TP_DEPENDENCIA_ADM_ESC,TP_LOCALIZACAO_ESC,TP_SIT_FUNC_ESC,CO_MUNICIPIO_PROVA,NO_MUNICIPIO_PROVA,CO_UF_PROVA,SG_UF_PROVA,TP_PRESENCA_CN,TP_PRESENCA_CH,TP_PRESENCA_LC,TP_PRESENCA_MT,CO_PROVA_CN,CO_PROVA_CH,CO_PROVA_LC,CO_PROVA_MT,NU_NOTA_CN,NU_NOTA_CH,NU_NOTA_LC,NU_NOTA_MT,TX_RESPOSTAS_CN,TX_RESPOSTAS_CH,TX_RESPOSTAS_LC,TX_RESPOSTAS_MT,TP_LINGUA,TX_GABARITO_CN,TX_GABARITO_CH,TX_GABARITO_LC,TX_GABARITO_MT,TP_STATUS_REDACAO,NU_NOTA_COMP1,NU_NOTA_COMP2,NU_NOTA_COMP3,NU_NOTA_COMP4,NU_NOTA_COMP5,NU_NOTA_REDACAO
210052893483,2021,2,F,1,1,1,2,0,3,1.0,0,3550308.0,SÃ£o Paulo,35.0,SP,4.0,1.0,1.0,3550308,SÃ£o Paulo,35,SP,1,1,1,1,912.0,882.0,891.0,901.0,570.9,489.6,604.5,574.4,DABCEDEBECEADBBCDDAAADBDBABCBECCBDCDCDEACCCEC,CCDACADDDAEEEEECCCABCDDCBBCCCCAAAA*ACCBBAAABA,ACABB99999DCDAACBBDDDAEABDDADCBDBCCBDAADDCACCEBBDD,DCCDEDECEDBDDDCCAEDAEDDDCEDDBCDDBDEACBCCDCBDB,0,DABCEDEBEEBBCABEDDCBCBECDADCDAACBDCCCDBBBEBAB,EBAAEADBCACBBABEECBAAEEBBBADCBADBCEDDEBBCAEAB,ACABBACAEADCEADABDACDCEABDDADBEDDDEBBACCDDDCCEBBBB,DCCAEBABDDCABEECCBCCEXADDCEECDEBADCABBDBDEDCE,1.0,140.0,140.0,120.0,120.0,40.0,560.0
210051297812,2021,4,M,1,1,1,1,2,1,,0,,,,,,,,3550308,SÃ£o Paulo,35,SP,1,1,1,1,912.0,882.0,891.0,901.0,485.5,565.3,544.8,610.9,DCDCBABBECBBDAEDEDDECAADACACAABBDACCEABEBDAAA,DABBECCAEAEBBABAACBCABBCCBAEBCAABCBAAEBBCAABB,99999ECAEADEECCCABACDBEABACCCBDDBDECDAEADACCCDCCEE,DDEEEEADDECDCEACCCECBABBDEBEBCDABDACDBBACDEBD,1,DABCEDEBEEBBCABEDDCBCBECDADCDAACBDCCCDBBBEBAB,EBAAEADBCACBBABEECBAAEEBBBADCBADBCEDDEBBCAEAB,ACABBACAEADCEADABDACDCEABDDADBEDDDEBBACCDDDCCEBBBB,DCCAEBABDDCABEECCBCCEXADDCEECDEBADCABBDBDEDCE,1.0,120.0,120.0,120.0,120.0,140.0,620.0
210051872246,2021,3,F,1,2,1,2,0,2,1.0,0,,,,,,,,3550308,SÃ£o Paulo,35,SP,1,1,1,1,911.0,880.0,890.0,902.0,426.8,515.0,508.0,466.4,EBBECBDBBDECAEDCCABDBEDADCACEDCDDBAAABDBEEDDE,BBAEAEBEBECCDBAEECBDACADCCADADEADEABEEDEBEEEC,ADBBC99999CDAADDEACABBEABCCDCEEBEEABDEACBBBDEDACAC,CEABCDCAACECEBDDCCDEEAAEBDABCEACCBEDCBEEABCCB,0,CDBBBCABEDEDEAAEBACCCBDABCDCBCBDECDADCDBBEEBB,BBBAAEECBBABEECEBAAEADBCACAEABEDDEBBBADBCBADC,ABBCAEAACADDCACDCADABBBBDEBBACEADCEBDDACEEDDDBCDBD,ECCCABBDBDDDCEDDCABXEEEBABEDCEDCCAEBADBCCECDA,1.0,120.0,180.0,120.0,160.0,180.0,760.0
210052512468,2021,4,F,1,3,1,1,2,1,,0,,,,,,,,3550308,SÃ£o Paulo,35,SP,1,1,1,1,1046.0,1015.0,1025.0,1036.0,420.3,429.1,520.9,550.8,BCEBBCDADDCDEACBBACEAEDDCBBEAACDCBBDADEDABBCD,DDBCABEEDDCDBADDBCDADBEDDDAEDCDAADCEEDBDCCBDC,BDDEC99999DDACEACAEEEBAACADDABACBCAAEBEACCDDBDDCDE,ACECBDBCADDECCEDBAAECDBEACCBADBABCDCAEEBCDBDD,0,AEEADABABACCBACBACCBEEDAAEDEACDAACDDCCAEBACEE,DBDBAEDAEEACAEEBAADEABEBEDACBCBDDBBABBCCBABAB,DACECBCBCEACBCEAEDADEBAAEBBCABDABBAAAADACCDDABACBE,BBCDEDBCBEBDBBEABEDBADBBDCADACBCBDACADBBCCEDE,6.0,0.0,0.0,0.0,0.0,0.0,0.0
210052481541,2021,12,M,1,1,1,1,13,1,,0,,,,,,,,3550308,SÃ£o Paulo,35,SP,0,0,0,0,,,,,,,,,,,,,0,,,,,,,,,,,
210053251539,2021,7,F,0,2,1,1,0,1,,0,,,,,,,,3541000,Praia Grande,35,SP,1,1,1,1,911.0,880.0,890.0,902.0,527.4,518.9,479.8,437.1,CDDACBCDEDABEACEACBDBBCABCACABBCEDADECBDEEABA,ABBABBDEDCEBADBDAEECADBEACBEADAADADEEABBEBEDB,ADBBA99999AABAECCBEBBCBEADADAACCEEBBDDACEBACDCBADE,DCEDBADAABEACCBCECAAAECDDABBDECEBBACDBBCCADBE,0,CDBBBCABEDEDEAAEBACCCBDABCDCBCBDECDADCDBBEEBB,BBBAAEECBBABEECEBAAEADBCACAEABEDDEBBBADBCBADC,ABBCAEAACADDCACDCADABBBBDEBBACEADCEBDDACEEDDDBCDBD,ECCCABBDBDDDCEDDCABXEEEBABEDCEDCCAEBADBCCECDA,1.0,120.0,140.0,120.0,120.0,120.0,620.0
210053533539,2021,3,M,1,2,1,2,0,2,1.0,0,,,,,,,,3508405,CabreÃºva,35,SP,1,1,1,1,909.0,881.0,892.0,899.0,439.5,580.1,538.6,429.2,BCACBAEDADECBABBDACABEBBDAEAEEDDAAADECDBDBBDA,BCEECAEBBAECEADCABABEBABBDDCBBABCADEBBADCEBAA,99999AAACDDDDBEAECDDCEDACBBCADDBCCEDDBEAACDBAAACBA,CABEBBCEADCACDADBADAECCBDCA.CEBEBA.BCEDBCCDDC,1,EDECABEDABCBEBACCDCBBEEBBCBDAAECDCBDCDBBBADCD,BEECCAEABADBCAEBAAEEDDEBBBADBCBAAEEBBBADCCBBA,ABBACAAECACDBDDADEBDDCBDCEDBEDDBBBBDCEEAADABACACDC,EEXEBABDDCECCBCCECDCAEBADEABBDBDEDCEDCCADDCAB,1.0,120.0,120.0,120.0,120.0,100.0,580.0
210052314039,2021,16,F,1,1,1,1,15,1,,0,,,,,,,,3550308,SÃ£o Paulo,35,SP,1,1,1,1,911.0,880.0,890.0,902.0,436.8,540.0,480.5,449.6,CDCDEAEBEBDCCACECCBBACBDCBDDBDBECEDDECACEBBCB,DBBBADDCABBBCACEDAEEDCABACABBCDEBEBEDBADBAECC,DCCED99999DEBABDCBCEBBEEDCDDACDDAADBAEACBBABEACDAE,CDCABBADEBDDCBADDCEABCDECBDCBCEDECBDCCDBDEABA,0,CDBBBCABEDEDEAAEBACCCBDABCDCBCBDECDADCDBBEEBB,BBBAAEECBBABEECEBAAEADBCACAEABEDDEBBBADBCBADC,ABBCAEAACADDCACDCADABBBBDEBBACEADCEBDDACEEDDDBCDBD,ECCCABBDBDDDCEDDCABXEEEBABEDCEDCCAEBADBCCECDA,1.0,120.0,120.0,120.0,120.0,140.0,620.0
210051352463,2021,1,M,1,3,1,3,0,1,,1,,,,,,,,3540705,Porto Ferreira,35,SP,1,1,1,1,910.0,879.0,889.0,900.0,518.3,604.6,577.7,496.7,DBCACBEDBEDDCEECECEDCBDDBBCBCAECEBDDDCCAAEECE,BACCCACBDACBABBADACABCEBCBEBBADDAAEBBAAAADEDB,CAAAB99999BBCDEADCBCDEDDDABBDEACBACBECACAACADDDECC,BEEDAADEDCDECABDCEADCABEEAEABEBCACDDABACEB*BA,0,ADCDCDBBBECDCCDCBCBDABCAADCBEBABEEBBBCABEDEDE,BADCBADBCEDDEBBADBCABEECCAEABEBAAECBBABAAEEBB,CAABBCAEAABDCDEADCEDBEDDDABBBBDEBCEADABDBACACDCDDC,DDCABDCCAEDCEBBDBDAEEBADCAECDBCCCCDDCEEBABXEE,1.0,140.0,120.0,100.0,120.0,100.0,580.0
210052005604,2021,1,F,1,1,1,3,0,1,,1,,,,,,,,3522307,Itapetininga,35,SP,1,1,1,1,910.0,879.0,889.0,900.0,477.1,603.3,516.7,714.0,DAAACDDEBACACCEBDEADDADCDCDACCEEECBDDBABCDBBE,BBECBADACECAEBAADAEADEECEBBBBEAAEECBCEBBAEEBB,CABAA99999BDADEEDEDDACDDBEBADABDDECBCCBBDABAAEBDBD,DBCCBACCECCBBDBDBCAECAADCAABEECCCCDDACEBACDDA,0,ADCDCDBBBECDCCDCBCBDABCAADCBEBABEEBBBCABEDEDE,BADCBADBCEDDEBBADBCABEECCAEABEBAAECBBABAAEEBB,CAABBCAEAABDCDEADCEDBEDDDABBBBDEBCEADABDBACACDCDDC,DDCABDCCAEDCEBBDBDAEEBADCAECDBCCCCDDCEEBABXEE,1.0,160.0,120.0,120.0,140.0,140.0,680.0
210053460362,2021,15,M,2,3,1,1,0,1,,0,,,,,,,,3513801,Diadema,35,SP,1,1,1,1,911.0,880.0,890.0,902.0,551.0,667.3,505.6,488.7,CCCEACCBEEEEDEBEACDCCCACBCACBCDDECDCBEEEBECCA,BBBBAEDCBBABEECEAAEEADBEACAEABEEBEBBEADDCEEEC,99999CEDDDBCEACCBADBBCBEECBDAEEADCBAEEACAABDDCEDCC,AACDCCBCDBDECEBBCCCCCADECEBECCCDEDEAEEBEACCCC,1,CDBBBCABEDEDEAAEBACCCBDABCDCBCBDECDADCDBBEEBB,BBBAAEECBBABEECEBAAEADBCACAEABEDDEBBBADBCBADC,ABBCAEAACADDCACDCADABBBBDEBBACEADCEBDDACEEDDDBCDBD,ECCCABBDBDDDCEDDCABXEEEBABEDCEDCCAEBADBCCECDA,1.0,100.0,120.0,80.0,120.0,100.0,520.0
210053537703,2021,1,M,1,3,1,3,0,1,,1,,,,,,,,3550308,SÃ£o Paulo,35,SP,1,1,1,1,911.0,880.0,890.0,902.0,550.0,371.3,428.4,534.5,DCBEBEADEDCCEADBEADCDADABCDEDEBCBEDDACDAABEBD,BAABDACD.BEACBEDDBEDCBDA*CDEBBAEBADADACEBCEEE,DCACA99999DBCAEBEBCDDCEACBCDCEBBDEEACDEABDACDEACBD,CCDEEABDBEDACBDCEADCBABDECDADEBBEADEABECAABCC,0,CDBBBCABEDEDEAAEBACCCBDABCDCBCBDECDADCDBBEEBB,BBBAAEECBBABEECEBAAEADBCACAEABEDDEBBBADBCBADC,ABBCAEAACADDCACDCADABBBBDEBBACEADCEBDDACEEDDDBCDBD,ECCCABBDBDDDCEDDCABXEEEBABEDCEDCCAEBADBCCECDA,1.0,100.0,120.0,120.0,160.0,100.0,600.0
210051125380,2021,6,F,1,3,1,1,3,1,,0,,,,,,,,3510609,CarapicuÃ­ba,35,SP,0,0,0,0,,,,,,,,,,,,,0,,,,,,,,,,,
210051026933,2021,4,M,1,1,1,1,0,1,,0,,,,,,,,3548708,SÃ£o Bernardo do Campo,35,SP,1,1,1,1,912.0,960.0,970.0,901.0,510.6,619.3,594.6,624.3,DABDBBDCEECACBDBCACCCDEEDBBCECBDBABACDBDCDCBD,BCBACABECCDAAAABBACEBEDDEABEABABECAECAEADAACA,CECBA99999BEAADDBBABABEAACEBADEBEADAACBAEBBAECDAAD,CCEDEABCDBCAEDCCBBCCBDAECCADCADBBCBEACDBDCAED,0,DABCEDEBEEBBCABEDDCBCBECDADCDAACBDCCCDBBBEBAB,BABABBBCCDDBBAACBCBEBEDDEABEEBAAACAEDAEEDBDBA,CECDABCECBBECABDDAAEBBDACCEBAAAADADBACEAEBBABCDAAC,DCCAEBABDDCABEECCBCCEXADDCEECDEBADCABBDBDEDCE,1.0,120.0,180.0,120.0,120.0,120.0,660.0
210052954357,2021,3,M,3,1,1,2,0,2,1.0,0,3548708.0,SÃ£o Bernardo do Campo,35.0,SP,2.0,1.0,1.0,3548708,SÃ£o Bernardo do Campo,35,SP,1,1,1,1,911.0,880.0,890.0,902.0,490.6,542.9,515.5,421.4,CCAECCBDCEDDCCDBDCCDBAACCCBAACEEEBEABEADBECDB,DBABAABABBDECAEDCBBAACBEACAEBBAEBABEDCDBCBAEB,BACEA99999DAAAABDDEDBBEABCDDABEAEADBACAEAABDBACDBC,AADDCCCBCBEAEDBBDCBEBAECEDACBAAECBDACDECBCDDE,0,CDBBBCABEDEDEAAEBACCCBDABCDCBCBDECDADCDBBEEBB,BBBAAEECBBABEECEBAAEADBCACAEABEDDEBBBADBCBADC,ABBCAEAACADDCACDCADABBBBDEBBACEADCEBDDACEEDDDBCDBD,ECCCABBDBDDDCEDDCABXEEEBABEDCEDCCAEBADBCCECDA,1.0,120.0,160.0,120.0,160.0,160.0,720.0
210052050887,2021,2,F,1,1,1,2,0,2,1.0,0,3518800.0,Guarulhos,35.0,SP,2.0,1.0,1.0,3518800,Guarulhos,35,SP,1,1,1,1,910.0,879.0,889.0,900.0,561.0,606.5,532.3,422.1,ADCBCBDDCECDCBECEACACDDEBDCDDBEBECEBBDBBDECCA,BACBDCCDBEDDEBBACDEABEEDCACADDAAACEABBBBADEDB,CDABB99999BDCDEAACEECED.DCBBD..DABCDBCBBCBECBCDCEB,ADCDBCBBDDEEDACDBEBABBADCCDDEEBBECECDBCDADCBA,0,ADCDCDBBBECDCCDCBCBDABCAADCBEBABEEBBBCABEDEDE,BADCBADBCEDDEBBADBCABEECCAEABEBAAECBBABAAEEBB,CAABBCAEAABDCDEADCEDBEDDDABBBBDEBCEADABDBACACDCDDC,DDCABDCCAEDCEBBDBDAEEBADCAECDBCCCCDDCEEBABXEE,1.0,140.0,180.0,120.0,140.0,180.0,760.0
210052584741,2021,3,F,1,1,1,1,1,1,,0,,,,,,,,3550308,SÃ£o Paulo,35,SP,1,1,1,1,912.0,882.0,891.0,901.0,587.8,650.8,630.0,670.7,DABDDADBEBDCBDBEBCABEDECDADDADACDACECBBCDCBBB,DAAAEAEAAAEBBABEECCAEEEDBBABCBBDBCEEDEBBCEECD,ACBBE99999EEBACCBDACDBEABDDADBEDDAEBDACDCCDCCDBBEA,DCEAEAADDDCCDEACEBBCEAABCCDCCDBAECBBDCCBDDBDE,0,DABCEDEBEEBBCABEDDCBCBECDADCDAACBDCCCDBBBEBAB,EBAAEADBCACBBABEECBAAEEBBBADCBADBCEDDEBBCAEAB,ACABBACAEADCEADABDACDCEABDDADBEDDDEBBACCDDDCCEBBBB,DCCAEBABDDCABEECCBCCEXADDCEECDEBADCABBDBDEDCE,1.0,160.0,200.0,140.0,160.0,160.0,820.0
210053966090,2021,3,F,1,3,1,2,0,2,1.0,0,,,,,,,,3525904,JundiaÃ­,35,SP,1,1,1,1,909.0,881.0,892.0,899.0,496.5,502.5,554.3,475.6,ECDBBCDEDBBACEACBBCABEBBCDEDECCDDCACCEADBCEAB,BBEBCAEBDDEBEACBDAACEDCAADABCDBCEBCBDADBCDADB,DBBAE99999CDBDCACEDCDCABCDCCBABBBDEBCBEDEDCBAAACBB,DBDEACBCCDBCDEEADBCCACEDAABEBDDDCABCBDEDDAEBC,0,EDECABEDABCBEBACCDCBBEEBBCBDAAECDCBDCDBBBADCD,BEECCAEABADBCAEBAAEEDDEBBBADBCBAAEEBBBADCCBBA,ABBACAAECACDBDDADEBDDCBDCEDBEDDBBBBDCEEAADABACACDC,EEXEBABDDCECCBCCECDCAEBADEABBDBDEDCEDCCADDCAB,1.0,120.0,120.0,80.0,100.0,80.0,500.0
210053501696,2021,10,F,1,1,1,1,8,1,,0,,,,,,,,3534401,Osasco,35,SP,1,1,1,1,911.0,880.0,890.0,902.0,604.8,568.9,632.0,665.9,CDAABEABECBEEDEEBCBDEDAADBDCDCAACCAABBEABBEEA,DBDDABBECBDACECEBBDEACACACAEAEEDDABADBAAAEACC,AADCB99999DDAACDCADCBBEEDEDBAAEAECEBDDACEDDDDDCDBD,DCDCEABECDDDCABDCAADBEECADCBBEADBBDA*CBCCBECA,0,CDBBBCABEDEDEAAEBACCCBDABCDCBCBDECDADCDBBEEBB,BBBAAEECBBABEECEBAAEADBCACAEABEDDEBBBADBCBADC,ABBCAEAACADDCACDCADABBBBDEBBACEADCEBDDACEEDDDBCDBD,ECCCABBDBDDDCEDDCABXEEEBABEDCEDCCAEBADBCCECDA,1.0,160.0,200.0,180.0,180.0,180.0,900.0
210052635677,2021,12,M,1,2,1,1,13,1,,0,,,,,,,,3509502,Campinas,35,SP,0,0,0,0,,,,,,,,,,,,,1,,,,,,,,,,,
210052871166,2021,1,F,1,1,1,3,0,1,,1,,,,,,,,3550308,SÃ£o Paulo,35,SP,0,1,1,0,,879.0,889.0,,,652.5,571.4,,,BEDCAAABCDABEBBBBBCABEECCAEBBDAAAAABBABBAEEDB,CEAAA99999BBDDEADCBECBADDABCCADDBCBADCBDDACACEBDDA,,0,,BADCBADBCEDDEBBADBCABEECCAEABEBAAECBBABAAEEBB,CAABBCAEAABDCDEADCEDBEDDDABBBBDEBCEADABDBACACDCDDC,,1.0,140.0,120.0,120.0,120.0,60.0,560.0
210054364808,2021,2,M,1,1,1,3,0,1,,1,,,,,,,,3548500,Santos,35,SP,1,1,1,1,912.0,882.0,891.0,901.0,410.0,485.1,441.0,654.3,BACDCACDECDBADEDCAECEBACAABEDCBDADAEDBCDCCCAE,AECECDEBEAABCBACAEABCDADBBEECACBBCBEBEAACCABB,BDDEC99999ACEAEDBDDABCDAACBDEAAEDCCADABDECBACDBCAA,CDCAEDABDDCABBEAACCBDADECCABEDCBADACEBABBDCCE,0,DABCEDEBEEBBCABEDDCBCBECDADCDAACBDCCCDBBBEBAB,EBAAEADBCACBBABEECBAAEEBBBADCBADBCEDDEBBCAEAB,ACABBACAEADCEADABDACDCEABDDADBEDDDEBBACCDDDCCEBBBB,DCCAEBABDDCABEECCBCCEXADDCEECDEBADCABBDBDEDCE,1.0,140.0,40.0,40.0,140.0,40.0,400.0
210053521655,2021,2,M,1,1,1,3,0,1,,1,,,,,,,,3554003,TatuÃ­,35,SP,1,1,1,1,912.0,882.0,891.0,901.0,634.6,524.1,528.4,616.2,CABBEDECEBBBCBBACDCDCBECDABCDEBBEABCCDCEBACCB,EEDBEAEEEACBEEBACBB.AEADABEDCDAB.CDEBABEBAABE,ACAAB99999DCDECAADABBBEAACCACEEBDBCCBAEAECADCCDBEE,BDEEEBDCDECDBECCCADBADADCCBDBEBACDBBABCAEDCDC,0,DABCEDEBEEBBCABEDDCBCBECDADCDAACBDCCCDBBBEBAB,EBAAEADBCACBBABEECBAAEEBBBADCBADBCEDDEBBCAEAB,ACABBACAEADCEADABDACDCEABDDADBEDDDEBBACCDDDCCEBBBB,DCCAEBABDDCABEECCBCCEXADDCEECDEBADCABBDBDEDCE,1.0,120.0,120.0,100.0,120.0,40.0,500.0
210053932896,2021,4,F,1,1,1,1,2,1,,0,,,,,,,,3547809,Santo AndrÃ©,35,SP,1,1,1,1,911.0,880.0,890.0,902.0,670.5,748.0,674.1,753.9,CDBADAABDBEDEECEBECBCBAABCDCCEABECBACBDBBEEBC,BBBAAEECBBABEECEDBAEADBCACAEABEDDEBBCCDBCBADC,ABBCA99999EDCADDCACCBBEBBEBDACEBDAEBDDACBEDDCBCDBD,DECCABADBABDBEBDCACAEEEBAEEDAEDCCAEBEDBACBDDD,0,CDBBBCABEDEDEAAEBACCCBDABCDCBCBDECDADCDBBEEBB,BBBAAEECBBABEECEBAAEADBCACAEABEDDEBBBADBCBADC,ABBCAEAACADDCACDCADABBBBDEBBACEADCEBDDACEEDDDBCDBD,ECCCABBDBDDDCEDDCABXEEEBABEDCEDCCAEBADBCCECDA,1.0,140.0,200.0,160.0,140.0,160.0,800.0
210053811613,2021,16,M,2,1,1,1,15,1,,0,,,,,,,,3538709,Piracicaba,35,SP,1,1,1,1,910.0,879.0,889.0,900.0,447.4,538.5,534.0,482.9,DBCAECCDBEADDCDCACBACDDDCADCCCCCCBBACDABAEAAE,BDEECAADDACBABBAEBCDEDEECBBACECADACDBDAAACBDB,99999CACAADDACCAEEEEBABDCAABEDAAACBADDAAAAAEBBCBDD,DBECDDCBDCDBBCCBCCEACCECBBDCBDBDCCACBBBBBBBBB,1,ADCDCDBBBECDCCDCBCBDABCAADCBEBABEEBBBCABEDEDE,BADCBADBCEDDEBBADBCABEECCAEABEBAAECBBABAAEEBB,CAABBCAEAABDCDEADCEDBEDDDABBBBDEBCEADABDBACACDCDDC,DDCABDCCAEDCEBBDBDAEEBADCAECDBCCCCDDCEEBABXEE,1.0,120.0,120.0,80.0,120.0,100.0,540.0
210051671940,2021,1,F,1,1,1,3,0,1,,1,,,,,,,,3522307,Itapetininga,35,SP,1,1,1,1,910.0,879.0,889.0,900.0,527.6,502.6,573.7,660.5,BDCBCBDBBCCDCECDEBDCABCDBABAECEBDCCADCBBEAACA,BAEBDAABCADBADBEDBEBBCABCBCECCBEADBCDABEAEECA,99999CACAACEDDEADCBDBBADAABCCEAACCEACABDDAAACDBCCC,DDCDCBDCACCDBCBECDAABDCDAACCBBABCCDCEBEBCDDDA,1,ADCDCDBBBECDCCDCBCBDABCAADCBEBABEEBBBCABEDEDE,BADCBADBCEDDEBBADBCABEECCAEABEBAAECBBABAAEEBB,CAABBCAEAABDCDEADCEDBEDDDABBBBDEBCEADABDBACACDCDDC,DDCABDCCAEDCEBBDBDAEEBADCAECDBCCCCDDCEEBABXEE,1.0,160.0,120.0,120.0,160.0,120.0,680.0
210053929841,2021,2,F,1,3,1,2,0,2,1.0,0,3527108.0,Lins,35.0,SP,2.0,1.0,1.0,3527108,Lins,35,SP,1,1,1,1,911.0,880.0,890.0,902.0,477.3,398.2,480.9,457.3,CBCECCAAEDABAEACCECAAEDACDAEECAACBACBCDEDACEE,DCEAAEBEBCAADAAAEBADCCCDCDCEBBDCBAAEECACBBDDB,99999AAAEBAECDABABCDBCCEBBDEABCADCEBDAAAABEBDCCDAE,DBABECACAEEBBBBEEEDDCAEDACBACADCEBBCEEBABCBDD,1,CDBBBCABEDEDEAAEBACCCBDABCDCBCBDECDADCDBBEEBB,BBBAAEECBBABEECEBAAEADBCACAEABEDDEBBBADBCBADC,ABBCAEAACADDCACDCADABBBBDEBBACEADCEBDDACEEDDDBCDBD,ECCCABBDBDDDCEDDCABXEEEBABEDCEDCCAEBADBCCECDA,1.0,100.0,40.0,40.0,100.0,0.0,280.0
210053690847,2021,11,F,1,3,1,1,11,1,,0,,,,,,,,3536505,PaulÃ­nia,35,SP,0,0,0,0,,,,,,,,,,,,,0,,,,,,,,,,,
210052381849,2021,5,F,1,3,1,1,0,1,,0,,,,,,,,3505708,Barueri,35,SP,0,0,0,0,,,,,,,,,,,,,0,,,,,,,,,,,
210051514546,2021,1,F,1,3,1,3,0,1,,1,,,,,,,,3550308,SÃ£o Paulo,35,SP,1,1,1,1,909.0,881.0,892.0,899.0,527.7,584.6,537.1,441.2,BABDBDACADDDCCBCEEEBBECBACDBDCCAACBDCDCDBACCA,BEECCAEDBABBEACABBDEEBADBDBBDCABAEABBBDECECCA,BABAE99999DDACDADCDBACBCCBAEADADBEADBBEAABCDABBCDB,DCCEBDEECBCABEECDCDBABABBABDBCECDBCDADBDCBDDC,0,EDECABEDABCBEBACCDCBBEEBBCBDAAECDCBDCDBBBADCD,BEECCAEABADBCAEBAAEEDDEBBBADBCBAAEEBBBADCCBBA,ABBACAAECACDBDDADEBDDCBDCEDBEDDBBBBDCEEAADABACACDC,EEXEBABDDCECCBCCECDCAEBADEABBDBDEDCEDCCADDCAB,1.0,120.0,180.0,120.0,120.0,160.0,700.0
210054403469,2021,2,F,1,1,1,2,0,2,1.0,0,,,,,,,,3542602,Registro,35,SP,0,1,1,0,,881.0,892.0,,,580.0,580.3,,,BCEBCAEBAECBEADCACDEDEEBACACBCAACDDBCBDCCDABA,99999AACCACDBBDADBBBACBDCBDAADDDCEADCBEAACCDABABBE,,1,,BEECCAEABADBCAEBAAEEDDEBBBADBCBAAEEBBBADCCBBA,ABBACAAECACDBDDADEBDDCBDCEDBEDDBBBBDCEEAADABACACDC,,1.0,120.0,200.0,140.0,120.0,100.0,680.0
210054381600,2021,3,F,1,1,1,2,0,2,1.0,0,,,,,,,,3552205,Sorocaba,35,SP,0,0,0,0,,,,,,,,,,,,,0,,,,,,,,,,,
210051776246,2021,2,M,1,1,1,2,0,2,1.0,0,,,,,,,,3548708,SÃ£o Bernardo do Campo,35,SP,1,1,1,1,909.0,881.0,892.0,899.0,358.7,510.7,496.8,457.2,BABECBEACCAEBCDDBBEACDCDBDEAECBDAADCACACDACDE,BAACCECADCCCEACDBAABDACDAAADBCABABECCECBDBDBA,EDCAB99999ADDBCDDCCBCEDACADCCEBDCEADEBEAAACBACACCE,CABDAEEEACAACB*CBBDBDCADEBACBCACBACEADAEBCDBC,0,EDECABEDABCBEBACCDCBBEEBBCBDAAECDCBDCDBBBADCD,BEECCAEABADBCAEBAAEEDDEBBBADBCBAAEEBBBADCCBBA,ABBACAAECACDBDDADEBDDCBDCEDBEDDBBBBDCEEAADABACACDC,EEXEBABDDCECCBCCECDCAEBADEABBDBDEDCEDCCADDCAB,1.0,120.0,120.0,100.0,120.0,80.0,540.0
210051253236,2021,6,M,1,1,1,1,3,1,,0,,,,,,,,3549904,SÃ£o JosÃ© dos Campos,35,SP,1,1,1,1,909.0,881.0,892.0,899.0,635.3,671.3,636.7,615.0,EEEBCBEBABBBBBCCCDEABEEDABBDDDECACBECECDDAACD,BAECC.EABACECAEAAADEC.EBBBCDB.BAAEEBBBDCCCABA,ABBAC99999CDADDABEDBDCDDCBDBEDDBDDDDEBEAACCBAEACDC,CBAEADADDEB.CBCEECBEDACCDBADBCECCADACBEDBDBAE,0,EDECABEDABCBEBACCDCBBEEBBCBDAAECDCBDCDBBBADCD,BEECCAEABADBCAEBAAEEDDEBBBADBCBAAEEBBBADCCBBA,ABBACAAECACDBDDADEBDDCBDCEDBEDDBBBBDCEEAADABACACDC,EEXEBABDDCECCBCCECDCAEBADEABBDBDEDCEDCCADDCAB,1.0,120.0,200.0,180.0,140.0,100.0,740.0
210052138748,2021,3,M,1,3,1,2,0,2,1.0,0,2304400.0,Fortaleza,23.0,CE,4.0,1.0,1.0,3552809,TaboÃ£o da Serra,35,SP,1,1,1,1,909.0,881.0,892.0,899.0,613.9,598.9,607.6,734.2,ECDCACEADBBBCCCABDCEBEEDECDAAAECDCEACDCDDABCC,BEEECACBBAEBEAEABBEBEBEBACAABCBDADADABAACABBA,BEBCC99999CDBDEAEACCDCBDCDDBDDDBBEEDABEDADABBCACDC,CEDEAAADDCECABBCCCDECEBEDDABBAADDDEBDCCADDCCB,0,EDECABEDABCBEBACCDCBBEEBBCBDAAECDCBDCDBBBADCD,BEECCAEABADBCAEBAAEEDDEBBBADBCBAAEEBBBADCCBBA,ABBACAAECACDBDDADEBDDCBDCEDBEDDBBBBDCEEAADABACACDC,EEXEBABDDCECCBCCECDCAEBADEABBDBDEDCEDCCADDCAB,1.0,140.0,120.0,160.0,200.0,120.0,740.0
210054105837,2021,17,F,4,1,1,3,0,1,,1,,,,,,,,3554102,TaubatÃ©,35,SP,0,0,0,0,,,,,,,,,,,,,1,,,,,,,,,,,
210052885099,2021,3,F,1,3,1,2,0,3,1.0,0,3550308.0,SÃ£o Paulo,35.0,SP,4.0,1.0,1.0,3550308,SÃ£o Paulo,35,SP,1,1,1,1,911.0,880.0,890.0,902.0,491.7,579.1,530.4,592.6,CDBADDDEACBCEADCCACACCACCDBEBCBBCDDDAEEDBECCD,DCAAADEEBDBBCECEBBDABCCEACAECDECBEBECCDBCBCCC,DAACA99999CDAADBABCCBBCDBACDAAEEECDBDDCABABDCBCDCB,CACACCBAADECDDCDDABDEAEEAEBECCBCCAEACCBEADBCD,0,CDBBBCABEDEDEAAEBACCCBDABCDCBCBDECDADCDBBEEBB,BBBAAEECBBABEECEBAAEADBCACAEABEDDEBBBADBCBADC,ABBCAEAACADDCACDCADABBBBDEBBACEADCEBDDACEEDDDBCDBD,ECCCABBDBDDDCEDDCABXEEEBABEDCEDCCAEBADBCCECDA,1.0,140.0,180.0,160.0,180.0,200.0,860.0
210053093529,2021,4,M,1,1,1,1,2,1,,0,,,,,,,,3534401,Osasco,35,SP,1,1,1,1,911.0,880.0,890.0,902.0,628.2,594.3,596.6,736.1,CCBDDAABBCEDEEBCAADBCDAABDDEDCBCBCDABCDBBEBAE,DBBDACCCBBDBBECEAAAABEDCBCAAEADAEEBBBCBBCBAEE,ABBCA99999BDCAABEBCCBBDDDEBDAEECDEBABDAAEAEDDACDBA,ECBCEABCBDDDCEDDCCEAEBECAEEDDDDDCDBCDDBCCDCEA,0,CDBBBCABEDEDEAAEBACCCBDABCDCBCBDECDADCDBBEEBB,BBBAAEECBBABEECEBAAEADBCACAEABEDDEBBBADBCBADC,ABBCAEAACADDCACDCADABBBBDEBBACEADCEBDDACEEDDDBCDBD,ECCCABBDBDDDCEDDCABXEEEBABEDCEDCCAEBADBCCECDA,1.0,120.0,120.0,100.0,120.0,80.0,540.0
210052480608,2021,2,M,1,1,1,2,0,2,1.0,0,3548807.0,SÃ£o Caetano do Sul,35.0,SP,2.0,1.0,1.0,3550308,SÃ£o Paulo,35,SP,0,0,0,0,,,,,,,,,,,,,0,,,,,,,,,,,
210052460358,2021,7,F,1,1,1,1,5,1,,0,,,,,,,,3551702,SertÃ£ozinho,35,SP,1,1,1,1,909.0,881.0,892.0,899.0,560.4,646.9,614.3,737.2,DDEDDDDDABDDDBDDDDCDBEDDDDDDDDDDDDDDCDDDDADDD,BCECCAEDBADBEADDAACEDEEBBBADDBABABEDCBEDCEBBA,ABBAC99999CDBCEBDDBDDCBDCEABDDDCBCEECBCAADCDACAEDA,BEAEBADDDEBCCBCCBBDCDDBCDBADBDCDCACEBCCBDDCDB,0,EDECABEDABCBEBACCDCBBEEBBCBDAAECDCBDCDBBBADCD,BEECCAEABADBCAEBAAEEDDEBBBADBCBAAEEBBBADCCBBA,ABBACAAECACDBDDADEBDDCBDCEDBEDDBBBBDCEEAADABACACDC,EEXEBABDDCECCBCCECDCAEBADEABBDBDEDCEDCCADDCAB,1.0,120.0,120.0,100.0,120.0,140.0,600.0
210052817801,2021,2,F,1,1,1,2,0,2,1.0,0,3501608.0,Americana,35.0,SP,2.0,1.0,1.0,3552403,SumarÃ©,35,SP,1,1,1,1,912.0,882.0,891.0,901.0,541.1,611.5,554.0,591.9,DABCEBDEECDABBBCCBCCAECCBAADEEBCBACCCCDADBCAB,EAAAEADCEABCDABCEDABAEEDCEDECBADBCDDDEBACAEDA,ACDEE99999BCEACCBCADCBECBDAADDADBDEEBCACDBDACEBCEE,DDCAECBCBBDDCEBAABECABACCDDDEBBCEDAACBEDCDDCE,0,DABCEDEBEEBBCABEDDCBCBECDADCDAACBDCCCDBBBEBAB,EBAAEADBCACBBABEECBAAEEBBBADCBADBCEDDEBBCAEAB,ACABBACAEADCEADABDACDCEABDDADBEDDDEBBACCDDDCCEBBBB,DCCAEBABDDCABEECCBCCEXADDCEECDEBADCABBDBDEDCE,1.0,120.0,120.0,120.0,160.0,160.0,680.0
210053935723,2021,2,M,1,1,1,2,0,2,1.0,0,,,,,,,,3541505,Presidente Venceslau,35,SP,1,1,1,1,912.0,882.0,891.0,901.0,426.5,406.0,494.4,685.8,CADBBEDBBEDDECABADAACBEAADCEDCBAEAEBACADBCDDE,EDABEDACEEAADABCEBDACADCBDACBCBAECBBAECEDBCBA,AADAC99999DCBEECADDCBBEABBAACDABDBCCDCECEBADEDBBEA,DCCAECAEDDCBADACCBECEBACBDEDCACBEDEACBCAEBEBD,0,DABCEDEBEEBBCABEDDCBCBECDADCDAACBDCCCDBBBEBAB,EBAAEADBCACBBABEECBAAEEBBBADCBADBCEDDEBBCAEAB,ACABBACAEADCEADABDACDCEABDDADBEDDDEBBACCDDDCCEBBBB,DCCAEBABDDCABEECCBCCEXADDCEECDEBADCABBDBDEDCE,1.0,120.0,120.0,120.0,140.0,180.0,680.0
210052657727,2021,4,M,1,1,1,1,1,1,,0,,,,,,,,3550308,SÃ£o Paulo,35,SP,0,0,0,0,,,,,,,,,,,,,0,,,,,,,,,,,
210051515722,2021,4,F,1,1,1,1,1,1,,0,,,,,,,,3550308,SÃ£o Paulo,35,SP,1,1,1,1,912.0,882.0,891.0,901.0,640.9,650.5,625.5,729.9,CADCABEDEEDBBABEDDC.CEACDAECEEABAACBCDBCBBBAC,ECBAAADBCACBBAEEECADAECBBBACCBCBBCDDDEBCCAEAB,ACABB99999DEDACCADACCCEABDDBDBADDEDBDABCDDCCAEBBCA,DDCAECAA..CABDAECBCCEAADCDAEEDEBADECBBBBDEDBE,0,DABCEDEBEEBBCABEDDCBCBECDADCDAACBDCCCDBBBEBAB,EBAAEADBCACBBABEECBAAEEBBBADCBADBCEDDEBBCAEAB,ACABBACAEADCEADABDACDCEABDDADBEDDDEBBACCDDDCCEBBBB,DCCAEBABDDCABEECCBCCEXADDCEECDEBADCABBDBDEDCE,1.0,140.0,200.0,160.0,180.0,200.0,880.0
210053298718,2021,8,F,1,3,1,1,5,1,,0,,,,,,,,3516200,Franca,35,SP,0,0,0,0,,,,,,,,,,,,,0,,,,,,,,,,,
210053971823,2021,2,M,1,2,1,2,0,2,1.0,0,,,,,,,,3522109,ItanhaÃ©m,35,SP,1,1,1,1,911.0,880.0,890.0,902.0,402.8,402.2,408.5,465.5,CBAEAEDDDCACEBBBCCBDACBDDBDAABDEDBCDCEBBCABDA,CABBADCCDCDEECBCAABCEEEDECBDBCCADEEBCDCDDAB*B,99999AABDEDCEADBCCCDCCEEECADECBEBBCDCEEBEABCDBCABC,AACEEDBBCEEAB*CADBECCAEBCBCEACDCDEDCDBDBDCECE,1,CDBBBCABEDEDEAAEBACCCBDABCDCBCBDECDADCDBBEEBB,BBBAAEECBBABEECEBAAEADBCACAEABEDDEBBBADBCBADC,ABBCAEAACADDCACDCADABBBBDEBBACEADCEBDDACEEDDDBCDBD,ECCCABBDBDDDCEDDCABXEEEBABEDCEDCCAEBADBCCECDA,1.0,100.0,100.0,80.0,80.0,0.0,360.0
210053103867,2021,4,F,1,2,1,1,2,1,,0,,,,,,,,3502804,AraÃ§atuba,35,SP,1,1,1,1,912.0,882.0,891.0,901.0,399.3,519.0,437.2,494.8,BCDECAAAEBCCDCCAEDDACEDBEBDEAEECADCBBDADADCED,ECBBECBDCACBBEBEDCBAABDCAADACDECBBACBCDECEABB,99999EEAAEDCBADDBBDABBCACBCBDADBACCADACCBCACCCACEA,BCBACDACCDCDBBAABDEADBBDCCDAADBEDBBCBCADED.DE,1,DABCEDEBEEBBCABEDDCBCBECDADCDAACBDCCCDBBBEBAB,EBAAEADBCACBBABEECBAAEEBBBADCBADBCEDDEBBCAEAB,ACABBACAEADCEADABDACDCEABDDADBEDDDEBBACCDDDCCEBBBB,DCCAEBABDDCABEECCBCCEXADDCEECDEBADCABBDBDEDCE,1.0,80.0,120.0,100.0,80.0,0.0,380.0
210054350837,2021,8,M,2,1,1,1,6,1,,0,,,,,,,,3531308,Monte Alto,35,SP,1,1,1,1,909.0,881.0,892.0,899.0,521.1,685.0,618.8,691.2,ADEBBABEDBCCAECBCDDDBEEAADBAECADDBACCBBEBDCED,BEECCAECBAEBCAEEBAEEDCEBABCDBCBAAEEDBBAACCBDA,AEBAC99999DDBDDADEBBDEBDCEADBDDBAEDDCEEAAEADAAACCA,CCBEAABDDAECABCCECCEBABEDBACDEDBCCABDDCAEDCDB,0,EDECABEDABCBEBACCDCBBEEBBCBDAAECDCBDCDBBBADCD,BEECCAEABADBCAEBAAEEDDEBBBADBCBAAEEBBBADCCBBA,ABBACAAECACDBDDADEBDDCBDCEDBEDDBBBBDCEEAADABACACDC,EEXEBABDDCECCBCCECDCAEBADEABBDBDEDCEDCCADDCAB,1.0,120.0,160.0,140.0,120.0,160.0,700.0
210053096179,2021,16,M,2,3,1,1,6,1,,0,,,,,,,,3550308,SÃ£o Paulo,35,SP,1,1,1,1,910.0,879.0,889.0,900.0,462.2,482.6,475.3,437.5,BDCACEEDECCBCDABDCBADDCEADCABEEAEDDAEDBCBEDBA,BADDADCDCBCBCAEAADAAEEECAABBBDCECAAABAAACABBC,99999.....BDADEAECEBCEDACDBCEAEDAABACDDCDAAEADACED,BDCEADEEDACBCEACBDEADAABCDCEADEAEDDADCBCACECC,1,ADCDCDBBBECDCCDCBCBDABCAADCBEBABEEBBBCABEDEDE,BADCBADBCEDDEBBADBCABEECCAEABEBAAECBBABAAEEBB,CAABBCAEAABDCDEADCEDBEDDDABBBBDEBCEADABDBACACDCDDC,DDCABDCCAEDCEBBDBDAEEBADCAECDBCCCCDDCEEBABXEE,1.0,80.0,120.0,80.0,100.0,0.0,380.0
210054383710,2021,5,M,1,3,1,1,3,1,,0,,,,,,,,3541406,Presidente Prudente,35,SP,0,0,0,0,,,,,,,,,,,,,0,,,,,,,,,,,
210051834099,2021,11,M,1,1,1,1,9,1,,0,,,,,,,,3530508,Mococa,35,SP,0,0,0,0,,,,,,,,,,,,,1,,,,,,,,,,,
210051440664,2021,2,F,1,1,1,2,0,3,1.0,0,3550308.0,SÃ£o Paulo,35.0,SP,4.0,1.0,1.0,3550308,SÃ£o Paulo,35,SP,1,1,1,1,912.0,882.0,891.0,901.0,565.9,423.0,415.1,609.9,CDBBACEBECCDDABEABCCDDAEBACDDEBDBDCBCDBBBECBA,DAEBCADABCBEDBCDACADCEBEBCDCACBADEDEDEDACACDD,ACABB99999ACEBADBDDDBBECABCDEDABDCACDCAAECAAADCBEA,ACCAEDBCCEADDCACCEBAEBADCCEABCBCCDACBBDADCEDB,0,DABCEDEBEEBBCABEDDCBCBECDADCDAACBDCCCDBBBEBAB,EBAAEADBCACBBABEECBAAEEBBBADCBADBCEDDEBBCAEAB,ACABBACAEADCEADABDACDCEABDDADBEDDDEBBACCDDDCCEBBBB,DCCAEBABDDCABEECCBCCEXADDCEECDEBADCABBDBDEDCE,1.0,160.0,200.0,120.0,180.0,180.0,840.0
210052926519,2021,9,F,1,1,1,1,6,1,,0,,,,,,,,3550308,SÃ£o Paulo,35,SP,0,0,0,0,,,,,,,,,,,,,0,,,,,,,,,,,
210053964622,2021,3,F,1,3,1,2,0,2,1.0,0,3556206.0,Valinhos,35.0,SP,2.0,1.0,1.0,3556206,Valinhos,35,SP,1,1,1,1,912.0,882.0,891.0,901.0,465.5,543.9,485.4,401.9,DCCCDDBDEDCBADBCCBCBCBECABAEBEBCEDBACCCDDBCED,CCBDAABAEACBDABCACABCDDDABAECDADBBDCDABDAAEAC,99999CDAAAECDEDCADAABBEABAEEEDADBCAEDECECBBCAABBEA,CDEDBDADCBDBDBAABEEABBAECEADBCDADEDCABABCBBBA,1,DABCEDEBEEBBCABEDDCBCBECDADCDAACBDCCCDBBBEBAB,EBAAEADBCACBBABEECBAAEEBBBADCBADBCEDDEBBCAEAB,ACABBACAEADCEADABDACDCEABDDADBEDDDEBBACCDDDCCEBBBB,DCCAEBABDDCABEECCBCCEXADDCEECDEBADCABBDBDEDCE,1.0,100.0,120.0,80.0,120.0,80.0,500.0
210051793217,2021,6,M,1,1,1,1,4,1,,0,,,,,,,,3552403,SumarÃ©,35,SP,0,0,0,0,,,,,,,,,,,,,0,,,,,,,,,,,
210053917112,2021,1,F,1,1,1,3,0,1,,1,,,,,,,,3543402,RibeirÃ£o Preto,35,SP,1,1,1,1,909.0,881.0,892.0,899.0,414.5,541.6,531.1,573.1,CCEDBEDBCEBCCEABBDCABABECDAEBDCDACDCECAEBBAAB,CEEBAAEDEAEDEADCACBECDABBDCCBDAEDABDBBACEDBDE,DCBDA99999CDAAEADECCACDCCBDDCBDBCDBBEEEAACCAAAACBC,CEABABCDACBCCEBDDBCDCACDCEABBDDCBDBCEACAADEAD,0,EDECABEDABCBEBACCDCBBEEBBCBDAAECDCBDCDBBBADCD,BEECCAEABADBCAEBAAEEDDEBBBADBCBAAEEBBBADCCBBA,ABBACAAECACDBDDADEBDDCBDCEDBEDDBBBBDCEEAADABACACDC,EEXEBABDDCECCBCCECDCAEBADEABBDBDEDCEDCCADDCAB,1.0,120.0,200.0,120.0,140.0,160.0,740.0
210053960545,2021,1,F,1,2,1,3,0,1,,1,,,,,,,,3548500,Santos,35,SP,1,1,1,1,912.0,882.0,891.0,901.0,482.1,478.4,448.5,484.8,DCDDBEDBEDBDABCBADEEBDEDDBBEBEA.EDBCC.BDBBDBD,DACBCDCDBADBBAABACADABBCACBCCDCBBCBCBEAABACBA,.....99999DACAADDBAEBBEADAAECAAABDBEEBADDDACAACBBE,ACCCCECDAEDCBEACDEDABDCECCBBBBDABBBACBABBCBAC,0,DABCEDEBEEBBCABEDDCBCBECDADCDAACBDCCCDBBBEBAB,EBAAEADBCACBBABEECBAAEEBBBADCBADBCEDDEBBCAEAB,ACABBACAEADCEADABDACDCEABDDADBEDDDEBBACCDDDCCEBBBB,DCCAEBABDDCABEECCBCCEXADDCEECDEBADCABBDBDEDCE,1.0,120.0,200.0,100.0,120.0,180.0,720.0
210053941473,2021,5,F,1,1,1,1,3,1,,0,,,,,,,,3523107,Itaquaquecetuba,35,SP,0,0,0,0,,,,,,,,,,,,,0,,,,,,,,,,,
210052761364,2021,13,F,2,2,1,1,15,1,,0,,,,,,,,3556404,Vargem Grande do Sul,35,SP,1,1,1,1,912.0,882.0,891.0,901.0,480.6,533.5,389.7,400.5,.ACAEEBBEEEACEAEADDACEAAABCEDABEBBAEEBAACBCDD,DAABDDABEDDBADBBCBBDADBABBDECDDABCDDBEDECCEBB,99999BBDCEECBEACBBEABEDACBDCCADEDCEABBAEDBEACEBCEE,BCBCBEDDEDBDBAAAAEEACCDACCACBAECEAABAAABACDAE,1,DABCEDEBEEBBCABEDDCBCBECDADCDAACBDCCCDBBBEBAB,EBAAEADBCACBBABEECBAAEEBBBADCBADBCEDDEBBCAEAB,ACABBACAEADCEADABDACDCEABDDADBEDDDEBBACCDDDCCEBBBB,DCCAEBABDDCABEECCBCCEXADDCEECDEBADCABBDBDEDCE,6.0,0.0,0.0,0.0,0.0,0.0,0.0
210054370338,2021,2,M,3,1,1,2,0,2,1.0,0,3550308.0,SÃ£o Paulo,35.0,SP,2.0,1.0,1.0,3550308,SÃ£o Paulo,35,SP,0,0,0,0,,,,,,,,,,,,,0,,,,,,,,,,,
210052726643,2021,12,M,1,3,1,1,15,1,,0,,,,,,,,3552205,Sorocaba,35,SP,1,1,1,1,910.0,879.0,889.0,900.0,585.7,670.8,597.1,505.5,AACACCDECDCDBADCCBDCABBEEBDBEACBECBEDEAEBDBCE,BDDCEADBCECBEBBAEBEABEECCAEBBCBAAEEBEABEAEEEB,99999CAEAABACDEADCBDDDEDEADBCEDBBCAACCADBAEADBCBDC,EEBDCACBEDCCCABBAEBDBABDABEBCECAABDCEAEEEADAA,1,ADCDCDBBBECDCCDCBCBDABCAADCBEBABEEBBBCABEDEDE,BADCBADBCEDDEBBADBCABEECCAEABEBAAECBBABAAEEBB,CAABBCAEAABDCDEADCEDBEDDDABBBBDEBCEADABDBACACDCDDC,DDCABDCCAEDCEBBDBDAEEBADCAECDBCCCCDDCEEBABXEE,1.0,100.0,120.0,100.0,120.0,140.0,580.0
210051854676,2021,3,M,1,2,1,1,1,1,,0,,,,,,,,3506359,Bertioga,35,SP,1,1,1,1,910.0,879.0,889.0,900.0,388.5,426.9,512.5,460.4,ACDEEEADACDAEBCDCBBDABEDBDBBDAEEBCDADBCCABAEC,DCBCDBABDBBBEBDBDBDBCDACAADACCDDCADEAECBDADDC,99999CAACABBEDEADCEBDBDBCCBCEBDECCDEBCBADAABEEBDAD,DDEADBBCACEDCBACBCBEDECABCEBCCDEADEBDBECBDECA,1,ADCDCDBBBECDCCDCBCBDABCAADCBEBABEEBBBCABEDEDE,BADCBADBCEDDEBBADBCABEECCAEABEBAAECBBABAAEEBB,CAABBCAEAABDCDEADCEDBEDDDABBBBDEBCEADABDBACACDCDDC,DDCABDCCAEDCEBBDBDAEEBADCAECDBCCCCDDCEEBABXEE,1.0,80.0,120.0,80.0,100.0,80.0,460.0
210054367252,2021,1,F,1,1,1,3,0,1,,1,,,,,,,,3505906,Batatais,35,SP,0,1,1,0,,881.0,892.0,,,435.4,474.1,,,DBCDACAACDACCAAACEABECEAABCBDBAADBDDAEABCEBBE,BCBDC99999BBBBDBDCBDBBAACDECABDBCACDCBCBBEACABAEDC,,0,,BEECCAEABADBCAEBAAEEDDEBBBADBCBAAEEBBBADCCBBA,ABBACAAECACDBDDADEBDDCBDCEDBEDDBBBBDCEEAADABACACDC,,1.0,120.0,200.0,80.0,120.0,140.0,660.0
210052207525,2021,2,M,1,3,1,2,0,2,1.0,0,,,,,,,,3552205,Sorocaba,35,SP,1,1,1,1,911.0,880.0,890.0,902.0,519.0,582.1,523.0,600.4,CEAECDADDBDDEEAEDACCBEADBCACADDDCDEBBDAEBEBAD,CCAADBDBBDEBEECDAABECEBEACAEBBECDEBEDCBBCDDEC,ACBDA99999CDCACCDADABCEEBCCBEAECEADABAAAEDDACAEDCD,AADEBDBCDDDCCDDDECBADAECEDEBDCDBEDBACDEEBACDA,0,CDBBBCABEDEDEAAEBACCCBDABCDCBCBDECDADCDBBEEBB,BBBAAEECBBABEECEBAAEADBCACAEABEDDEBBBADBCBADC,ABBCAEAACADDCACDCADABBBBDEBBACEADCEBDDACEEDDDBCDBD,ECCCABBDBDDDCEDDCABXEEEBABEDCEDCCAEBADBCCECDA,1.0,120.0,120.0,120.0,120.0,120.0,600.0
210054381903,2021,6,M,1,1,1,1,4,1,,0,,,,,,,,3550308,SÃ£o Paulo,35,SP,0,0,0,0,,,,,,,,,,,,,0,,,,,,,,,,,
210052392305,2021,5,F,1,1,1,1,2,1,,0,,,,,,,,3529401,MauÃ¡,35,SP,0,0,0,0,,,,,,,,,,,,,0,,,,,,,,,,,
210052946842,2021,12,F,2,3,1,1,15,1,,0,,,,,,,,3509007,Caieiras,35,SP,1,1,1,1,910.0,879.0,889.0,900.0,538.0,614.6,601.1,440.8,CBBECCDDBCCDAADCABCDABBEDBABBCCBEDEADCEDEDBCB,BABCBAABCECBEBBAEBAABCDCDEEBEEAAAAEABABBADCDB,BDABB99999BDBDEADCDEEADDEABBCEDADCBADAADDAAACDCDAC,BDEC*DDEDBDBCBBADCBBCAEEECDEEECCACBCCEDECEDCA,0,ADCDCDBBBECDCCDCBCBDABCAADCBEBABEEBBBCABEDEDE,BADCBADBCEDDEBBADBCABEECCAEABEBAAECBBABAAEEBB,CAABBCAEAABDCDEADCEDBEDDDABBBBDEBCEADABDBACACDCDDC,DDCABDCCAEDCEBBDBDAEEBADCAECDBCCCCDDCEEBABXEE,1.0,120.0,120.0,120.0,140.0,160.0,660.0
210051653790,2021,3,M,1,3,1,2,0,2,1.0,0,3543402.0,RibeirÃ£o Preto,35.0,SP,2.0,1.0,1.0,3543402,RibeirÃ£o Preto,35,SP,0,0,0,0,,,,,,,,,,,,,0,,,,,,,,,,,
210051035554,2021,1,F,1,1,1,3,0,1,,1,,,,,,,,3541505,Presidente Venceslau,35,SP,0,1,1,0,,880.0,890.0,,,460.5,446.6,,,DCACADBEBB*EDACCAACDBECEACBCACDCCABCDBCCBADBB,DCBAB99999DCDADBBCBDBCEDDEADEBEEDCDBABAACBDDAEBCAC,,0,,BBBAAEECBBABEECEBAAEADBCACAEABEDDEBBBADBCBADC,ABBCAEAACADDCACDCADABBBBDEBBACEADCEBDDACEEDDDBCDBD,,1.0,120.0,120.0,120.0,120.0,120.0,600.0
210051556019,2021,4,F,1,1,1,1,2,1,,0,,,,,,,,3548708,SÃ£o Bernardo do Campo,35,SP,0,0,0,0,,,,,,,,,,,,,0,,,,,,,,,,,
210052411880,2021,6,F,1,1,1,1,4,1,,0,,,,,,,,3550308,SÃ£o Paulo,35,SP,1,1,1,1,912.0,882.0,891.0,901.0,499.4,616.7,605.3,596.9,CADDBBDBECBBEBEDCBCDAECDAAACEDDCBABBCCCDBECCE,DAABEACBEAABBABCEBAAAAEDBBACCDADBAEBEABBCCEBB,ACADB99999ECECCABDAEBEEABBAAEBADDAEBBADDDCDCCBBBDE,ACCDEBBDEBCDDCEACECAACADACDBBDBADDEBDDAADBABB,0,DABCEDEBEEBBCABEDDCBCBECDADCDAACBDCCCDBBBEBAB,EBAAEADBCACBBABEECBAAEEBBBADCBADBCEDDEBBCAEAB,ACABBACAEADCEADABDACDCEABDDADBEDDDEBBACCDDDCCEBBBB,DCCAEBABDDCABEECCBCCEXADDCEECDEBADCABBDBDEDCE,1.0,140.0,200.0,140.0,200.0,180.0,860.0
210052802434,2021,2,F,1,1,1,2,0,2,1.0,0,3552403.0,SumarÃ©,35.0,SP,2.0,1.0,1.0,3552403,SumarÃ©,35,SP,0,0,0,0,,,,,,,,,,,,,0,,,,,,,,,,,
210052817648,2021,2,F,1,1,1,2,0,3,1.0,0,,,,,,,,3530607,Mogi das Cruzes,35,SP,1,1,1,1,909.0,881.0,892.0,899.0,606.8,618.4,564.2,591.3,CDEAABEECBBBDEACBAEDEEEBDBDEECCCBCDCCDAEAABCD,BEADCAECDADBCACCEACECDEBBDADECABCEEDAEADCBEBA,AABEA99999CDBDAABECBDEBECEEDDBBBBDABEEEAAECDAADCDC,DBDEBDAEDEBCAEECBDDCA.AABDDCBDBCCAEECCBACEAAD,0,EDECABEDABCBEBACCDCBBEEBBCBDAAECDCBDCDBBBADCD,BEECCAEABADBCAEBAAEEDDEBBBADBCBAAEEBBBADCCBBA,ABBACAAECACDBDDADEBDDCBDCEDBEDDBBBBDCEEAADABACACDC,EEXEBABDDCECCBCCECDCAEBADEABBDBDEDCEDCCADDCAB,1.0,160.0,200.0,160.0,180.0,140.0,840.0
210054341230,2021,13,F,0,1,1,1,15,1,,0,,,,,,,,3550308,SÃ£o Paulo,35,SP,0,0,0,0,,,,,,,,,,,,,0,,,,,,,,,,,
210053907138,2021,13,M,2,1,1,1,15,1,,0,,,,,,,,3513009,Cotia,35,SP,1,1,1,1,912.0,882.0,891.0,901.0,535.1,645.0,585.5,655.3,DCDBACEBAECACABABAEBCEACBAACABDDBABCEDEBDCACE,EAABAEDBAABBBBBEECBAADEBBBEECDADBCECDEBBCAEBA,AEAAB99999DBEADABDACDCEBEDCADADBDDCBBAEECADCCBDBED,DCCDEBDCDDCDCBECCBC**CADCCCCBDECCCAECCAAECACC,0,DABCEDEBEEBBCABEDDCBCBECDADCDAACBDCCCDBBBEBAB,EBAAEADBCACBBABEECBAAEEBBBADCBADBCEDDEBBCAEAB,ACABBACAEADCEADABDACDCEABDDADBEDDDEBBACCDDDCCEBBBB,DCCAEBABDDCABEECCBCCEXADDCEECDEBADCABBDBDEDCE,1.0,120.0,120.0,100.0,120.0,120.0,580.0
210051554174,2021,3,F,1,3,1,2,0,2,1.0,0,3516408.0,Franco da Rocha,35.0,SP,2.0,1.0,1.0,3516408,Franco da Rocha,35,SP,1,1,1,1,911.0,880.0,890.0,902.0,426.2,396.1,513.2,487.3,CDADCDABDECAEADECBDBECDACBAECBBEDECDBAEDCBDBA,DADBCEACEBBDAABACDDEABAACCAABABAEAAACEBBACCAD,99999CEABDBEAADDAECDBCEEADADABEADEEBBCDCDABDBEADBD,DADEACBCEAEBCABABCDAAEEBCBDACDACBD.*CDABEEBCE,1,CDBBBCABEDEDEAAEBACCCBDABCDCBCBDECDADCDBBEEBB,BBBAAEECBBABEECEBAAEADBCACAEABEDDEBBBADBCBADC,ABBCAEAACADDCACDCADABBBBDEBBACEADCEBDDACEEDDDBCDBD,ECCCABBDBDDDCEDDCABXEEEBABEDCEDCCAEBADBCCECDA,1.0,100.0,120.0,80.0,120.0,20.0,440.0
210053954624,2021,1,F,1,1,1,3,0,1,,1,,,,,,,,3550308,SÃ£o Paulo,35,SP,1,1,1,1,910.0,879.0,889.0,900.0,570.1,634.9,535.6,690.3,BDDDCCBDBACDDCDBABEEABCEBDABCBACECBDDDCCDCACE,BABCBAABCECDABBAEACDCBEBCAEABEADAAABBDBAAEEDB,CDDBA99999BDCDDADEBDACDDDEDBCABADCAAECBCDBECCCBCEB,BCCCDDDCABDEBACDCDADDDCCCDECABDCCCDDDEEBACDDB,0,ADCDCDBBBECDCCDCBCBDABCAADCBEBABEEBBBCABEDEDE,BADCBADBCEDDEBBADBCABEECCAEABEBAAECBBABAAEEBB,CAABBCAEAABDCDEADCEDBEDDDABBBBDEBCEADABDBACACDCDDC,DDCABDCCAEDCEBBDBDAEEBADCAECDBCCCCDDCEEBABXEE,1.0,140.0,200.0,180.0,180.0,160.0,860.0
210054369072,2021,5,M,1,3,1,1,3,1,,0,,,,,,,,3541307,Presidente EpitÃ¡cio,35,SP,1,1,1,1,911.0,880.0,890.0,902.0,473.3,447.9,487.7,510.2,EBAACCCDDEAAEEEBCEBEDCADBDBEACAAEDBDCCECBEBAD,BCEBAEBEBBADBAECAEBEDADECCADBCEABCDECAEDBEADC,99999CAABEBABDEDEABDBBEDACDDBECADBBBBDACEAEBCADCBB,CABADEBBCEDCCAEAACBDDEEBCBBAEDEDBACADBECADBCE,1,CDBBBCABEDEDEAAEBACCCBDABCDCBCBDECDADCDBBEEBB,BBBAAEECBBABEECEBAAEADBCACAEABEDDEBBBADBCBADC,ABBCAEAACADDCACDCADABBBBDEBBACEADCEBDDACEEDDDBCDBD,ECCCABBDBDDDCEDDCABXEEEBABEDCEDCCAEBADBCCECDA,1.0,80.0,120.0,100.0,80.0,140.0,520.0
210051353736,2021,14,F,2,1,1,1,0,1,,0,,,,,,,,3554508,TietÃª,35,SP,0,0,0,0,,,,,,,,,,,,,1,,,,,,,,,,,
210051526762,2021,5,F,1,0,1,1,2,1,,0,,,,,,,,3550308,SÃ£o Paulo,35,SP,0,1,1,0,,880.0,890.0,,,372.3,485.8,,,BABCABECDADDCABAEBECBEADEBBADAEBDCEDBCAADCEAC,AACBD99999DEAAABBAECBBAAEECDEBEADEDABACABDDEDDDABC,,0,,BBBAAEECBBABEECEBAAEADBCACAEABEDDEBBBADBCBADC,ABBCAEAACADDCACDCADABBBBDEBBACEADCEBDDACEEDDDBCDBD,,1.0,160.0,120.0,100.0,120.0,120.0,620.0
210051390369,2021,11,F,3,1,1,1,0,1,,0,,,,,,,,3550308,SÃ£o Paulo,35,SP,1,1,1,1,910.0,879.0,889.0,900.0,447.6,529.7,370.3,461.9,DBEEEBBBCDCACDCBABBBAACBECCDBABBECBDDDDBAB.CA,BAACCBAACAEACBEDDDEABEBECAABB.BBCCBB*ABEDCDDA,CABAC99999EBAADAEBCBCDDDAECADEBAABCCDEEADBEEBDAAAB,ACACBCAADBDCBBABCCDBBABDCDDAEBADAACECBEBBDBBA,0,ADCDCDBBBECDCCDCBCBDABCAADCBEBABEEBBBCABEDEDE,BADCBADBCEDDEBBADBCABEECCAEABEBAAECBBABAAEEBB,CAABBCAEAABDCDEADCEDBEDDDABBBBDEBCEADABDBACACDCDDC,DDCABDCCAEDCEBBDBDAEEBADCAECDBCCCCDDCEEBABXEE,1.0,80.0,160.0,100.0,120.0,120.0,580.0
210054371866,2021,8,F,1,1,1,1,5,1,,0,,,,,,,,3550308,SÃ£o Paulo,35,SP,1,1,1,1,909.0,881.0,892.0,899.0,458.6,572.2,546.2,468.0,EDDBDABCCDBABCECBDCABEBCDDEACECDA*DECACAEDBAD,BCEBCEEBAAEACAEDABAADAABDDBDBAADAEBDBAADCEABE,ADBEB99999DDADCAAEDCDEBCAEABADABBEEDBBEAADCDCADCDB,EADAEACEADBABBDCEADEBACBDACBACEDDAAEBDCBEADBD,0,EDECABEDABCBEBACCDCBBEEBBCBDAAECDCBDCDBBBADCD,BEECCAEABADBCAEBAAEEDDEBBBADBCBAAEEBBBADCCBBA,ABBACAAECACDBDDADEBDDCBDCEDBEDDBBBBDCEEAADABACACDC,EEXEBABDDCECCBCCECDCAEBADEABBDBDEDCEDCCADDCAB,1.0,120.0,140.0,100.0,120.0,120.0,600.0
210053500037,2021,1,M,1,5,1,3,0,1,,1,,,,,,,,3515004,Embu das Artes,35,SP,0,0,0,0,,,,,,,,,,,,,0,,,,,,,,,,,
210052173967,2021,11,M,1,1,1,1,9,1,,0,,,,,,,,3550308,SÃ£o Paulo,35,SP,1,1,1,1,909.0,881.0,892.0,899.0,584.9,603.8,574.4,648.6,ADEBACBCABADBBACCACBEACDCCEDEEBCADBCCDADDADCE,BCCCAACCBAEBEADAAAAADBEBBBADBCBACBADBBCECEBDA,ADBAC99999DDABEAEABDDBCCCACCADDBBCBDEBEAAEABABABBE,EADEBBEBACEADBECECEACCDDDAADBCDCECBEBDCADCCDC,0,EDECABEDABCBEBACCDCBBEEBBCBDAAECDCBDCDBBBADCD,BEECCAEABADBCAEBAAEEDDEBBBADBCBAAEEBBBADCCBBA,ABBACAAECACDBDDADEBDDCBDCEDBEDDBBBBDCEEAADABACACDC,EEXEBABDDCECCBCCECDCAEBADEABBDBDEDCEDCCADDCAB,1.0,100.0,160.0,100.0,120.0,100.0,580.0
210053515758,2021,2,F,1,3,1,2,0,2,1.0,0,,,,,,,,3546603,Santa FÃ© do Sul,35,SP,1,1,1,1,911.0,880.0,890.0,902.0,535.6,450.0,579.0,532.8,ADCCABBCC.BBACDDAEBCCCDABCDCACEDBCDAAEBDBEDEA,CAAEAEEEDDDEBECDCEAABEBEDDEABCABBEBEEADDBEEDE,99999CAACDDDEAEDCEDCDBCAACEBAAEADEEDDDECBADDCBCDBB,AACDADBBBCDBBADBEDCACAEABEABBDACECEEDEEEABCDD,1,CDBBBCABEDEDEAAEBACCCBDABCDCBCBDECDADCDBBEEBB,BBBAAEECBBABEECEBAAEADBCACAEABEDDEBBBADBCBADC,ABBCAEAACADDCACDCADABBBBDEBBACEADCEBDDACEEDDDBCDBD,ECCCABBDBDDDCEDDCABXEEEBABEDCEDCCAEBADBCCECDA,1.0,120.0,100.0,120.0,120.0,100.0,560.0
210051331083,2021,3,M,1,1,1,2,0,2,1.0,0,3509502.0,Campinas,35.0,SP,2.0,1.0,1.0,3536505,PaulÃ­nia,35,SP,1,1,1,1,909.0,881.0,892.0,899.0,653.9,674.7,648.1,674.4,EDECBBEBABCBEBEDCDABBACBDADAEADCDCADCDCCBAAAA,BDECCEEABADBEAEDAAAEDEABBBBABCBAAEADBBAECEBBA,ABBAC99999DDADDAAEBBDEBDCEEBADDBBCEDEAEABDCDAEACCA,DBBECABDDAECDBDBCBCECABADBAAADBAEDEDDBCAEDDBD,0,EDECABEDABCBEBACCDCBBEEBBCBDAAECDCBDCDBBBADCD,BEECCAEABADBCAEBAAEEDDEBBBADBCBAAEEBBBADCCBBA,ABBACAAECACDBDDADEBDDCBDCEDBEDDBBBBDCEEAADABACACDC,EEXEBABDDCECCBCCECDCAEBADEABBDBDEDCEDCCADDCAB,1.0,160.0,200.0,180.0,200.0,200.0,940.0
210052028789,2021,11,M,0,3,1,1,9,1,,0,,,,,,,,3550308,SÃ£o Paulo,35,SP,0,0,0,0,,,,,,,,,,,,,0,,,,,,,,,,,
210053969618,2021,2,F,1,1,1,2,0,3,1.0,0,,,,,,,,3513009,Cotia,35,SP,1,1,1,1,910.0,879.0,889.0,900.0,455.0,472.5,473.9,536.4,BACBCECBCDCABEABACEDDBCDCABADCEAEBBCBCBCDEBAC,CABCDCBDBADBAAECEDBABCABCADCBAAACBCABDCBAABAA,99999DCCAADBDBEADBBDEADBCBDBCBDDBACBCBDBDACDBDBCAE,DBCCBAECABDACBCDBCEABDCACADBCEECBDBCDCEDCADEA,1,ADCDCDBBBECDCCDCBCBDABCAADCBEBABEEBBBCABEDEDE,BADCBADBCEDDEBBADBCABEECCAEABEBAAECBBABAAEEBB,CAABBCAEAABDCDEADCEDBEDDDABBBBDEBCEADABDBACACDCDDC,DDCABDCCAEDCEBBDBDAEEBADCAECDBCCCCDDCEEBABXEE,1.0,120.0,120.0,140.0,140.0,100.0,620.0
210053049033,2021,15,M,1,1,1,1,0,1,,0,,,,,,,,3550308,SÃ£o Paulo,35,SP,0,0,0,0,,,,,,,,,,,,,1,,,,,,,,,,,
210052059024,2021,11,M,1,3,1,1,10,1,,0,,,,,,,,3551009,SÃ£o Vicente,35,SP,0,0,0,0,,,,,,,,,,,,,0,,,,,,,,,,,
210053121903,2021,10,F,1,1,1,1,7,1,,0,,,,,,,,3506003,Bauru,35,SP,0,0,0,0,,,,,,,,,,,,,1,,,,,,,,,,,
210053965461,2021,3,M,1,1,1,2,0,3,1.0,0,3550308.0,SÃ£o Paulo,35.0,SP,4.0,1.0,1.0,3550308,SÃ£o Paulo,35,SP,1,1,1,1,911.0,880.0,890.0,902.0,516.8,503.9,488.9,597.8,CEBBCDCBBCDEDBDCDCBCDBAADDCCABADEDDACADDBEECC,DAEDADBAACDECCCBAADCACAEACAACDDCDCEEDADBCEDCC,99999AAAECDEBAABCACBBCCADDBDACCADAAACCAABBBDEBECEB,ACCBDBBADCDCEDEECDCBAAEBEDEDBDCCCBDAEBBEABBCD,1,CDBBBCABEDEDEAAEBACCCBDABCDCBCBDECDADCDBBEEBB,BBBAAEECBBABEECEBAAEADBCACAEABEDDEBBBADBCBADC,ABBCAEAACADDCACDCADABBBBDEBBACEADCEBDDACEEDDDBCDBD,ECCCABBDBDDDCEDDCABXEEEBABEDCEDCCAEBADBCCECDA,1.0,120.0,60.0,100.0,140.0,120.0,540.0
210053923196,2021,4,F,1,3,1,1,2,1,,0,,,,,,,,3541406,Presidente Prudente,35,SP,1,1,1,1,911.0,880.0,890.0,902.0,462.9,474.8,488.4,498.1,CDCEDADEEEADBDDCBCBCABDCEBAECCABACABDDADDEBDD,DBADACDECACBBCCDADEABDDDABCECAACDDBBCBDECABEA,99999CAABCADEADBBACADCEAEBADABDADABACEEDAEBEBACDBB,AACBDCBEDCEBEACADCDBABECBBBCBCDDCBDBCADCCECAB,1,CDBBBCABEDEDEAAEBACCCBDABCDCBCBDECDADCDBBEEBB,BBBAAEECBBABEECEBAAEADBCACAEABEDDEBBBADBCBADC,ABBCAEAACADDCACDCADABBBBDEBBACEADCEBDDACEEDDDBCDBD,ECCCABBDBDDDCEDDCABXEEEBABEDCEDCCAEBADBCCECDA,1.0,100.0,120.0,100.0,120.0,140.0,580.0
210052430732,2021,4,F,1,1,1,2,0,2,1.0,0,3543402.0,RibeirÃ£o Preto,35.0,SP,2.0,1.0,1.0,3543402,RibeirÃ£o Preto,35,SP,1,1,1,1,909.0,881.0,892.0,899.0,408.5,552.8,551.6,410.7,DADAEDEDDDCABCACBDDBAECEEDADACADCDDBACAEDBDBA,BDABCACBAADDECEADAABAEABACBABDBEACDDBBADDEBBA,ADCAB99999ADBBDADDECBDBDCACDBEBBBAEDEEEBABDDACADCB,DAACEDAACABDACBBDCCBABABDAECBDEBBDBEEAEBACEBE,0,EDECABEDABCBEBACCDCBBEEBBCBDAAECDCBDCDBBBADCD,BEECCAEABADBCAEBAAEEDDEBBBADBCBAAEEBBBADCCBBA,ABBACAAECACDBDDADEBDDCBDCEDBEDDBBBBDCEEAADABACACDC,EEXEBABDDCECCBCCECDCAEBADEABBDBDEDCEDCCADDCAB,1.0,120.0,180.0,100.0,100.0,80.0,580.0
210054366312,2021,1,M,1,1,1,3,0,1,,1,,,,,,,,3525904,JundiaÃ­,35,SP,0,0,0,0,,,,,,,,,,,,,0,,,,,,,,,,,
210051766192,2021,10,F,0,1,1,1,0,1,,0,,,,,,,,3550308,SÃ£o Paulo,35,SP,1,1,1,1,912.0,882.0,891.0,901.0,438.5,550.5,420.2,564.3,ECDDEDDBACEEABBBAADCCDCDADBECADBAABDCCBDCEBBD,CBDBDABCAAEBBABCCBAAADEDABBACCCAECECDEBEDEEBA,99999CBACEDCEEBDBCDADBDACCCACBDCADDAACBECAADECBABE,ADEEEAAECECDBEBCABEBBCBECAACEABAEDCAEAADDDACB,1,DABCEDEBEEBBCABEDDCBCBECDADCDAACBDCCCDBBBEBAB,EBAAEADBCACBBABEECBAAEEBBBADCBADBCEDDEBBCAEAB,ACABBACAEADCEADABDACDCEABDDADBEDDDEBBACCDDDCCEBBBB,DCCAEBABDDCABEECCBCCEXADDCEECDEBADCABBDBDEDCE,1.0,120.0,120.0,140.0,120.0,160.0,660.0
210054351086,2021,4,M,1,3,1,1,1,1,,0,,,,,,,,3552205,Sorocaba,35,SP,0,0,0,0,,,,,,,,,,,,,1,,,,,,,,,,,
210051244794,2021,3,M,1,1,1,2,0,3,1.0,0,3525102.0,JardinÃ³polis,35.0,SP,4.0,1.0,1.0,3525102,JardinÃ³polis,35,SP,1,1,1,1,911.0,880.0,890.0,902.0,633.5,627.5,539.6,653.8,CDCDBDAAADCDEAAEBCCBBBAABDDCCCBDEADABCEDBEBAA,DBBBADECBDABCACDBAAAADBEACAEBBAEBEBBDABDBBADC,ADABD99999BDEAADBBDBBAEAAEDBACEADEEAEAACCAABECADBD,ECAEBCBBBEDACCDDCDDAEBEEBCDEBEDDCAECBDEEADCAD,0,CDBBBCABEDEDEAAEBACCCBDABCDCBCBDECDADCDBBEEBB,BBBAAEECBBABEECEBAAEADBCACAEABEDDEBBBADBCBADC,ABBCAEAACADDCACDCADABBBBDEBBACEADCEBDDACEEDDDBCDBD,ECCCABBDBDDDCEDDCABXEEEBABEDCEDCCAEBADBCCECDA,1.0,120.0,120.0,120.0,120.0,80.0,560.0
210052503289,2021,10,F,1,1,1,1,8,1,,0,,,,,,,,3548708,SÃ£o Bernardo do Campo,35,SP,1,1,1,1,912.0,882.0,891.0,901.0,599.6,595.4,585.6,762.8,DABBAEEBEECBDABEADDBCEBDBAEAADBCEAEBCCCDBACEA,CAADAAEBEAEBEABCECABACEDCBDACDCCBBEDBABBCAEBD,ABABA99999DADACCADDCCBEAEDDABDADABEBDABCDBDCCEBCEE,DCCBDBAADDCBBEECCBDCBABDDCEACDEBADEABBDBADDBB,0,DABCEDEBEEBBCABEDDCBCBECDADCDAACBDCCCDBBBEBAB,EBAAEADBCACBBABEECBAAEEBBBADCBADBCEDDEBBCAEAB,ACABBACAEADCEADABDACDCEABDDADBEDDDEBBACCDDDCCEBBBB,DCCAEBABDDCABEECCBCCEXADDCEECDEBADCABBDBDEDCE,1.0,140.0,120.0,80.0,80.0,120.0,540.0
210052791885,2021,7,F,1,3,1,1,4,1,,0,,,,,,,,3550308,SÃ£o Paulo,35,SP,0,0,0,0,,,,,,,,,,,,,0,,,,,,,,,,,
210054282248,2021,15,M,2,1,1,1,15,1,,0,,,,,,,,3505708,Barueri,35,SP,1,1,1,1,912.0,882.0,891.0,901.0,567.7,615.2,524.8,557.9,AABCBEEAECEBCABBCDCACBEDABAEEECDCDCCCBBDCCEEA,EAABEADEAABBDAAEECBBCECCBBAECCCDBEEEEEBBCEAAD,99999ECDCAECEAEDBBADBECABCEAAADADDACDABCDCEECEDBBA,CCEAECEEDAEDBDEACEEAACBECEAECDAAEDEAABAAECAAC,1,DABCEDEBEEBBCABEDDCBCBECDADCDAACBDCCCDBBBEBAB,EBAAEADBCACBBABEECBAAEEBBBADCBADBCEDDEBBCAEAB,ACABBACAEADCEADABDACDCEABDDADBEDDDEBBACCDDDCCEBBBB,DCCAEBABDDCABEECCBCCEXADDCEECDEBADCABBDBDEDCE,1.0,120.0,120.0,120.0,120.0,120.0,600.0
210053961373,2021,3,F,1,1,1,1,1,1,,0,,,,,,,,3548500,Santos,35,SP,1,1,1,1,909.0,881.0,892.0,899.0,403.8,572.7,591.9,521.7,BEDABBAADABCDCABEAECEBEEEBBBCAADEEABCCBCBBACC,BCEBCAAACBBAADDEAACADDBBBADCACAEADEDBBACCBBDD,ADADC99999DDABDBDACBDBBDCCABEDDBBEEDCEEACDCEACAEDC,EAEEBBEECBDCABEADABAECBCEEBBBADEBCCDBACDBEABD,0,EDECABEDABCBEBACCDCBBEEBBCBDAAECDCBDCDBBBADCD,BEECCAEABADBCAEBAAEEDDEBBBADBCBAAEEBBBADCCBBA,ABBACAAECACDBDDADEBDDCBDCEDBEDDBBBBDCEEAADABACACDC,EEXEBABDDCECCBCCECDCAEBADEABBDBDEDCEDCCADDCAB,1.0,160.0,200.0,180.0,160.0,160.0,860.0
210051672643,2021,13,F,3,4,1,2,0,2,,0,3513207.0,Cristais Paulista,35.0,SP,3.0,1.0,1.0,3516200,Franca,35,SP,0,0,0,0,,,,,,,,,,,,,1,,,,,,,,,,,
210051258110,2021,5,F,1,1,1,1,3,1,,0,,,,,,,,3522406,Itapeva,35,SP,1,1,1,1,909.0,881.0,892.0,899.0,453.8,494.7,563.9,502.6,EDDCEBBACCCEECDCABEBAEEDACAEEDBCADEBCADABBDAB,ADEBCBEABABDCBEADCCEDBDCBBADECCBDCADCBECBACED,99999AADECADDDCAADCDDBCDCEDBEDBBBDEDCDEABEDDBEAADE,AACEDABEDEDACEECACBABEBDAAEDAADCECEDACEDCDABC,1,EDECABEDABCBEBACCDCBBEEBBCBDAAECDCBDCDBBBADCD,BEECCAEABADBCAEBAAEEDDEBBBADBCBAAEEBBBADCCBBA,ABBACAAECACDBDDADEBDDCBDCEDBEDDBBBBDCEEAADABACACDC,EEXEBABDDCECCBCCECDCAEBADEABBDBDEDCEDCCADDCAB,1.0,120.0,140.0,100.0,120.0,0.0,480.0
210051083142,2021,8,M,0,2,1,1,3,1,,0,,,,,,,,3550308,SÃ£o Paulo,35,SP,1,1,1,1,911.0,880.0,890.0,902.0,494.4,519.3,465.7,473.0,CE*DCDDAEDEBBCCBBB*CBBAB.BDDCCBDAAEDBAADBBECC,DBBBAEAEBAABACBAA.BDAE.CACCB.BD.CBEBDAADDCCEC,99999AABCDCEACABDCADEEBECDDDABEAA*BBDBCCBCBDBBDBCD,DBCCCDCBDDEACEEDBDBABACACEBCBDCBCACBACBDDBCBD,1,CDBBBCABEDEDEAAEBACCCBDABCDCBCBDECDADCDBBEEBB,BBBAAEECBBABEECEBAAEADBCACAEABEDDEBBBADBCBADC,ABBCAEAACADDCACDCADABBBBDEBBACEADCEBDDACEEDDDBCDBD,ECCCABBDBDDDCEDDCABXEEEBABEDCEDCCAEBADBCCECDA,1.0,80.0,120.0,100.0,100.0,120.0,520.0
210051415710,2021,2,M,1,1,1,3,0,1,,1,,,,,,,,3543402,RibeirÃ£o Preto,35,SP,0,1,1,0,,881.0,892.0,,,661.0,656.7,,,BEECCAEAAADBCADBAAADDDEBBBADAACAAEDABBEECCBBA,ABBAC99999DDBDDABEDDDCBDCEDDADDBBCADEEEAAEADAAABDC,,0,,BEECCAEABADBCAEBAAEEDDEBBBADBCBAAEEBBBADCCBBA,ABBACAAECACDBDDADEBDDCBDCEDBEDDBBBBDCEEAADABACACDC,,1.0,160.0,180.0,160.0,160.0,60.0,720.0
210053491301,2021,3,M,0,1,1,2,0,3,1.0,0,3509502.0,Campinas,35.0,SP,4.0,1.0,1.0,3509502,Campinas,35,SP,1,1,1,1,911.0,880.0,890.0,902.0,480.7,354.6,530.6,447.8,CDDABDCBEABDCBCECACEABCDBBDADACCCCCCDDDDDDCCC,DCAABCBDEBADCCCECCCCCCCCCCCCCCECBADACBEDDDDDD,ABEEC99999EBAACCCEADCBEEBAADACCADAEBDEACCEEBCDCEDD,ABDEDBAAAEEEEBDDBBCAECADBBECCEBECADDDBABDCEBB,0,CDBBBCABEDEDEAAEBACCCBDABCDCBCBDECDADCDBBEEBB,BBBAAEECBBABEECEBAAEADBCACAEABEDDEBBBADBCBADC,ABBCAEAACADDCACDCADABBBBDEBBACEADCEBDDACEEDDDBCDBD,ECCCABBDBDDDCEDDCABXEEEBABEDCEDCCAEBADBCCECDA,1.0,100.0,120.0,120.0,120.0,120.0,580.0
210052157323,2021,1,M,1,1,1,3,0,1,,1,,,,,,,,3515707,Ferraz de Vasconcelos,35,SP,1,1,1,1,910.0,879.0,889.0,900.0,562.5,552.2,497.2,549.9,ABBDCCCEDADACADCEEBAABCEADEACAEBBCBDACBEEABEB,AACCDAABCECAABAACCCAABCCCAAEACAADEAABBBDAAEBA,CADAC99999CCCCEADCADDADDDEEEDABADCBECDBDDBEAEBBCAE,CDDCBCCDECDCCBDABCEDBADDECBCBEBACBECCDEECACEA,0,ADCDCDBBBECDCCDCBCBDABCAADCBEBABEEBBBCABEDEDE,BADCBADBCEDDEBBADBCABEECCAEABEBAAECBBABAAEEBB,CAABBCAEAABDCDEADCEDBEDDDABBBBDEBCEADABDBACACDCDDC,DDCABDCCAEDCEBBDBDAEEBADCAECDBCCCCDDCEEBABXEE,1.0,100.0,120.0,80.0,100.0,80.0,480.0
210053953848,2021,2,F,1,3,1,2,0,2,1.0,0,3543303.0,RibeirÃ£o Pires,35.0,SP,2.0,1.0,1.0,3543303,RibeirÃ£o Pires,35,SP,1,1,1,1,912.0,882.0,891.0,901.0,586.3,582.7,564.1,604.5,DABDDAECEEEADADDECDCCECCBADCAEADDACACDDDBCCEC,DEAAAABAAAEEBDBEECABAABCBBCACDBABBEBCEBACADDA,AEABA99999DEAACCADAEBAEACDEACAADDCCCDABADDDCCBBCEE,BCCDEAACDBEDDDACDBCBDDBECDDDCBDAEDBDDBEADBDDA,0,DABCEDEBEEBBCABEDDCBCBECDADCDAACBDCCCDBBBEBAB,EBAAEADBCACBBABEECBAAEEBBBADCBADBCEDDEBBCAEAB,ACABBACAEADCEADABDACDCEABDDADBEDDDEBBACCDDDCCEBBBB,DCCAEBABDDCABEECCBCCEXADDCEECDEBADCABBDBDEDCE,1.0,160.0,120.0,180.0,180.0,200.0,840.0
210051743148,2021,6,M,1,1,1,1,3,1,,0,,,,,,,,3513504,CubatÃ£o,35,SP,1,1,1,1,910.0,879.0,889.0,900.0,469.8,406.8,479.1,616.0,AABCCCBCBBDECCAAEDEACBDDADED..BCDABEECBAACEDB,AABDCCDABAEBDBACBADBCAEC.AADBEACBECBDABDEBCDA,CABEC99999DDADEDDBBACDB.CADCEABCBECAAEBDACBCADADAC,DBBCBDCCDBABEBBCEDBCACCCAEADDBAEADDDEBECACDDA,0,ADCDCDBBBECDCCDCBCBDABCAADCBEBABEEBBBCABEDEDE,BADCBADBCEDDEBBADBCABEECCAEABEBAAECBBABAAEEBB,CAABBCAEAABDCDEADCEDBEDDDABBBBDEBCEADABDBACACDCDDC,DDCABDCCAEDCEBBDBDAEEBADCAECDBCCCCDDCEEBABXEE,1.0,100.0,120.0,100.0,100.0,120.0,540.0
210052410337,2021,2,F,1,1,1,2,0,2,1.0,0,3550308.0,SÃ£o Paulo,35.0,SP,2.0,1.0,1.0,3548807,SÃ£o Caetano do Sul,35,SP,0,0,0,0,,,,,,,,,,,,,1,,,,,,,,,,,
210051219510,2021,5,M,1,3,1,1,3,1,,0,,,,,,,,3504008,Assis,35,SP,1,1,1,1,912.0,882.0,891.0,901.0,500.1,482.4,580.6,555.4,DDDBBEEBECCEDACEBBBCCEBDAAAEACBCDACCEBCBCCACD,EACABAEAEBDBDABCACABBDCABBACDBACBDEAABDDECBDC,ACDAB99999DAEADCADADDBEABAEACBADBADBDAACCBDCCEDBED,CCCAEBDEDACDEBACEABAADEECDABCACCCAEBDBBEADEAA,0,DABCEDEBEEBBCABEDDCBCBECDADCDAACBDCCCDBBBEBAB,EBAAEADBCACBBABEECBAAEEBBBADCBADBCEDDEBBCAEAB,ACABBACAEADCEADABDACDCEABDDADBEDDDEBBACCDDDCCEBBBB,DCCAEBABDDCABEECCBCCEXADDCEECDEBADCABBDBDEDCE,1.0,100.0,160.0,100.0,120.0,100.0,580.0
210052397193,2021,2,M,1,3,1,2,0,3,1.0,0,3531407.0,Monte AprazÃ­vel,35.0,SP,4.0,1.0,1.0,3531407,Monte AprazÃ­vel,35,SP,1,1,1,1,912.0,882.0,891.0,901.0,655.9,596.2,530.0,778.8,AABCECEBEEDBBABECDCBCAECCABECDDADDCBCDBDBCECB,DDCAAAECEAEBBEBEACBADCDCAEAECCADBBECDEBBCEEAD,99999ADACADEEACCABACCEEADBCADDBADDABDBEDDCAECBBCAE,DCCAEBDCDDCABEBECECCEDADDEEDCDABDDCACBCBDBDBE,1,DABCEDEBEEBBCABEDDCBCBECDADCDAACBDCCCDBBBEBAB,EBAAEADBCACBBABEECBAAEEBBBADCBADBCEDDEBBCAEAB,ACABBACAEADCEADABDACDCEABDDADBEDDDEBBACCDDDCCEBBBB,DCCAEBABDDCABEECCBCCEXADDCEECDEBADCABBDBDEDCE,1.0,120.0,160.0,120.0,120.0,140.0,660.0
210052230618,2021,11,M,2,1,1,1,9,1,,0,,,,,,,,3519071,HortolÃ¢ndia,35,SP,1,1,1,1,911.0,880.0,890.0,902.0,400.5,380.4,476.4,572.4,CDDDBEDDDBBEDEDDDCDBDCACEBDEAADDCCABBAABCBAEA,DDBDBCADCABBEACAACDBEADBDAEBCEBDACDADBCBADCCC,99999CCCCCEDBBABCBADBAEDBABDACEEACBBBECCAACDADBEBA,BCDBEDDBDEDCBDADCBCDDBAABBCDAEDCAECBEDABCDCBE,1,CDBBBCABEDEDEAAEBACCCBDABCDCBCBDECDADCDBBEEBB,BBBAAEECBBABEECEBAAEADBCACAEABEDDEBBBADBCBADC,ABBCAEAACADDCACDCADABBBBDEBBACEADCEBDDACEEDDDBCDBD,ECCCABBDBDDDCEDDCABXEEEBABEDCEDCCAEBADBCCECDA,1.0,120.0,40.0,40.0,120.0,0.0,320.0
210053064683,2021,3,F,1,2,1,2,0,2,1.0,0,3549805.0,SÃ£o JosÃ© do Rio Preto,35.0,SP,2.0,1.0,1.0,3549805,SÃ£o JosÃ© do Rio Preto,35,SP,0,0,0,0,,,,,,,,,,,,,1,,,,,,,,,,,
210053526373,2021,4,M,1,2,1,1,2,1,,0,,,,,,,,3550308,SÃ£o Paulo,35,SP,1,1,1,1,909.0,881.0,892.0,899.0,370.1,488.1,382.9,412.0,ACEAEAADDEADDCECEAAEECCDBCDDEECAABAAAEAABBDDA,CCCBCBEAACACAADAABACAECE.BCDCABDADBCACAACBBBA,99999ADADAAEACBCDEADEAEACBCDADBCBCABEEDCAEADBAECBC,EDAABBDECBABBABADEAABACBCCDDBBBEAABADADDCADBC,1,EDECABEDABCBEBACCDCBBEEBBCBDAAECDCBDCDBBBADCD,BEECCAEABADBCAEBAAEEDDEBBBADBCBAAEEBBBADCCBBA,ABBACAAECACDBDDADEBDDCBDCEDBEDDBBBBDCEEAADABACACDC,EEXEBABDDCECCBCCECDCAEBADEABBDBDEDCEDCCADDCAB,1.0,120.0,120.0,120.0,120.0,140.0,620.0
210052217406,2021,11,F,1,1,1,1,8,1,,0,,,,,,,,3552403,SumarÃ©,35,SP,0,0,0,0,,,,,,,,,,,,,0,,,,,,,,,,,
210053963949,2021,4,M,1,1,1,2,0,2,1.0,0,3550308.0,SÃ£o Paulo,35.0,SP,2.0,1.0,1.0,3550308,SÃ£o Paulo,35,SP,1,1,1,1,912.0,882.0,891.0,901.0,489.1,419.3,483.9,408.3,DCDCDBEBECDEDCCDEDECDDACEBBCBCEDDABACDCDCCECD,EAADACEBDBBECACEDBCABDBCBDBDADACEBADADBECEACA,ACDAC99999ECDBCDBCDCCCECAACCBCCADDEBCBEACCDACEBADC,DCCDADDBCBACACAABECABDDECCADBBCECABDBCABDDBEC,0,DABCEDEBEEBBCABEDDCBCBECDADCDAACBDCCCDBBBEBAB,EBAAEADBCACBBABEECBAAEEBBBADCBADBCEDDEBBCAEAB,ACABBACAEADCEADABDACDCEABDDADBEDDDEBBACCDDDCCEBBBB,DCCAEBABDDCABEECCBCCEXADDCEECDEBADCABBDBDEDCE,1.0,120.0,60.0,40.0,100.0,0.0,320.0
210052205994,2021,5,F,1,2,1,1,3,1,,0,,,,,,,,3548807,SÃ£o Caetano do Sul,35,SP,1,1,1,1,912.0,882.0,891.0,901.0,525.2,578.9,546.6,509.9,DABCECDBECEABDCBDDBEBACADAABCDBCEDABCBCDDCACD,EABEAACAEABBBABCEBAAADEDBBACECBCDADBDEBBAAEBB,99999CCACBDEEADCBDDDBCEADCEABDECDABDAAADDBDECCBBEE,BECBBEEECBCBCCBCCEBBDAADCBBDEBABECEDABCDADEDA,1,DABCEDEBEEBBCABEDDCBCBECDADCDAACBDCCCDBBBEBAB,EBAAEADBCACBBABEECBAAEEBBBADCBADBCEDDEBBCAEAB,ACABBACAEADCEADABDACDCEABDDADBEDDDEBBACCDDDCCEBBBB,DCCAEBABDDCABEECCBCCEXADDCEECDEBADCABBDBDEDCE,1.0,120.0,120.0,100.0,120.0,140.0,600.0
210052647174,2021,2,M,1,1,1,2,0,2,1.0,0,3550308.0,SÃ£o Paulo,35.0,SP,2.0,1.0,1.0,3550308,SÃ£o Paulo,35,SP,1,1,1,1,912.0,882.0,891.0,901.0,589.6,641.7,600.6,640.5,AABCBEBBEDCABACEEDCCCBACAACDBCEAAECCDADEBDDEB,DBADAADBDAACADBEECBBAAEDBBCECDADBCEBDEBBCAEAB,ACADA99999DEDBCCBEAADEEABDAAEBEDDBDBDACDDCDBCEDBEA,DDCAEBAEDEECDEACABEABBADCCACCADBEBECCDEABCDAE,0,DABCEDEBEEBBCABEDDCBCBECDADCDAACBDCCCDBBBEBAB,EBAAEADBCACBBABEECBAAEEBBBADCBADBCEDDEBBCAEAB,ACABBACAEADCEADABDACDCEABDDADBEDDDEBBACCDDDCCEBBBB,DCCAEBABDDCABEECCBCCEXADDCEECDEBADCABBDBDEDCE,1.0,160.0,160.0,120.0,140.0,140.0,720.0
210052191887,2021,1,M,1,3,1,3,0,1,,1,,,,,,,,3552403,SumarÃ©,35,SP,1,1,1,1,909.0,881.0,892.0,899.0,590.6,702.5,644.3,566.6,CDEDACEEADDBDECCCDECBEECEEDDEDBCDCBACAA.BDBBC,BEECCAEABADBCAEBAAEEECEBBBAABCBAAABCBBABCABBA,ABBAC99999CDADCAAABEDABDCCDBEBDBBEEDCEEAAECDAAACDD,ECCEAEBDDEEAABDACBEACAEBDABCBBECBBDADAECDEADA,0,EDECABEDABCBEBACCDCBBEEBBCBDAAECDCBDCDBBBADCD,BEECCAEABADBCAEBAAEEDDEBBBADBCBAAEEBBBADCCBBA,ABBACAAECACDBDDADEBDDCBDCEDBEDDBBBBDCEEAADABACACDC,EEXEBABDDCECCBCCECDCAEBADEABBDBDEDCEDCCADDCAB,1.0,120.0,120.0,120.0,120.0,140.0,620.0
210052101934,2021,5,F,1,1,1,1,3,1,,0,,,,,,,,3520509,Indaiatuba,35,SP,0,0,0,0,,,,,,,,,,,,,0,,,,,,,,,,,
210054375128,2021,3,F,1,3,1,2,0,2,1.0,0,3534401.0,Osasco,35.0,SP,2.0,1.0,1.0,3534401,Osasco,35,SP,1,1,1,1,910.0,879.0,889.0,900.0,539.8,602.8,576.8,445.1,ADCCCEBDCCDEBDCCEEDADECEEDEBCCCBEDBDCCBCEEDCE,BABDDADBBEDEABBADACABDECCAEAECAABAEBBEABABACB,99999CAEAABDCDBCDEDCEAADACABDADBBCCEDDBCBACACDDDDB,BBECDDCCADBABBCCADBADCCEEDDBDCAAACACAAAAAAAAA,1,ADCDCDBBBECDCCDCBCBDABCAADCBEBABEEBBBCABEDEDE,BADCBADBCEDDEBBADBCABEECCAEABEBAAECBBABAAEEBB,CAABBCAEAABDCDEADCEDBEDDDABBBBDEBCEADABDBACACDCDDC,DDCABDCCAEDCEBBDBDAEEBADCAECDBCCCCDDCEEBABXEE,1.0,140.0,200.0,160.0,200.0,200.0,900.0
210051485185,2021,1,F,3,1,1,3,0,1,,1,,,,,,,,3550308,SÃ£o Paulo,35,SP,1,1,1,1,911.0,880.0,890.0,902.0,552.0,631.0,603.8,633.9,CCABCBACDCEBCADECCEBBEAABDBBCCADBDEACDBBBECCD,DBAADACEBBABEECEEEAEADACACAEADDDBABBCDDBCBADE,ABBCE99999CACACCCADBDBEAAECBABEADEBBDDBCBADDDBCDBB,AACDAABCBDDDCBCBBDEDEAEADCCBDDDCEAAADDBBDCACA,0,CDBBBCABEDEDEAAEBACCCBDABCDCBCBDECDADCDBBEEBB,BBBAAEECBBABEECEBAAEADBCACAEABEDDEBBBADBCBADC,ABBCAEAACADDCACDCADABBBBDEBBACEADCEBDDACEEDDDBCDBD,ECCCABBDBDDDCEDDCABXEEEBABEDCEDCCAEBADBCCECDA,1.0,160.0,120.0,120.0,120.0,140.0,660.0
210051903207,2021,4,F,1,1,1,1,1,1,,0,,,,,,,,3552403,SumarÃ©,35,SP,1,1,1,1,910.0,879.0,889.0,900.0,396.1,558.8,492.0,434.4,BBEBECBDADCEBBDADDBBCDBCBBCAEACDECCAACBECACBB,EEEAABDBBEEADEBABCEADDECCACABDBAAABBBAEABBBCC,99999EEEEAABAEEADCEDDBBDBEBDCAAECABACDDAEAAAAEBDDB,ECDAABEABAABBEAAAEBDCCBCCADCBBEAEBCBCBEEAAAAA,1,ADCDCDBBBECDCCDCBCBDABCAADCBEBABEEBBBCABEDEDE,BADCBADBCEDDEBBADBCABEECCAEABEBAAECBBABAAEEBB,CAABBCAEAABDCDEADCEDBEDDDABBBBDEBCEADABDBACACDCDDC,DDCABDCCAEDCEBBDBDAEEBADCAECDBCCCCDDCEEBABXEE,1.0,160.0,180.0,140.0,160.0,180.0,820.0
210052418972,2021,14,M,1,2,1,1,15,1,,0,,,,,,,,3550308,SÃ£o Paulo,35,SP,0,1,1,0,,1017.0,1028.0,,,697.9,643.4,,,ACBCBACADEAADBDBABBCABADACDDBEACDAEBEECACDBED,ADCEC99999CDAEBACACBCACBEDACCEAEDAAADAADBBAABBBDBE,,0,,ACBCBACADEABDBDBABBCCBABABDDBBAEDAEEEEBAAEBED,ADCECCBBCEDDAEBABACBCACBEDACCEAEDACABAAABBAAEBBDAD,,1.0,120.0,180.0,120.0,120.0,80.0,620.0
210053509350,2021,3,F,1,1,1,2,0,2,1.0,0,,,,,,,,3518800,Guarulhos,35,SP,1,1,1,1,911.0,880.0,890.0,902.0,392.0,409.6,596.5,481.8,ECBCDECCEEDBDEADAABEBCDCBCAECDDEEDDCCDBBEDDDD,DCABBEADAEEBCEBCAEBAEEDDEEBAABDCDEBBEBCAEDBCE,AECCA99999CAEAEDBACABDEEDEBBABEAEEBBDAACEBDDDDCDBD,CACDBCADDADEDAADABCECAAEBCCABEEACCEADBBCADBDE,0,CDBBBCABEDEDEAAEBACCCBDABCDCBCBDECDADCDBBEEBB,BBBAAEECBBABEECEBAAEADBCACAEABEDDEBBBADBCBADC,ABBCAEAACADDCACDCADABBBBDEBBACEADCEBDDACEEDDDBCDBD,ECCCABBDBDDDCEDDCABXEEEBABEDCEDCCAEBADBCCECDA,1.0,140.0,140.0,100.0,120.0,160.0,660.0
210054389548,2021,3,M,1,2,1,1,1,1,,0,,,,,,,,3549805,SÃ£o JosÃ© do Rio Preto,35,SP,1,1,1,1,911.0,880.0,890.0,902.0,671.5,668.9,619.5,630.7,CCBCEBABEBEBEEBEBCCCCBAABCDCCCBBBCAADACBBEEBD,DBBBAEACBBABEECEAAAEACBCACAEABECDBBBDBDACDEBC,99999EAACEBDBDCCCADABBEBDADDACEBBADBDDACBEDDAABDBD,ACBDBBCCADDDDEEBEADABBCEABBABBDDEBAAEDBCBECBA,1,CDBBBCABEDEDEAAEBACCCBDABCDCBCBDECDADCDBBEEBB,BBBAAEECBBABEECEBAAEADBCACAEABEDDEBBBADBCBADC,ABBCAEAACADDCACDCADABBBBDEBBACEADCEBDDACEEDDDBCDBD,ECCCABBDBDDDCEDDCABXEEEBABEDCEDCCAEBADBCCECDA,1.0,160.0,180.0,140.0,180.0,160.0,820.0
210053491642,2021,2,F,1,1,1,2,0,3,1.0,0,3506102.0,Bebedouro,35.0,SP,4.0,1.0,1.0,3506102,Bebedouro,35,SP,1,1,1,1,912.0,882.0,891.0,901.0,504.5,373.9,486.5,490.9,DDBCBCECECDABDBEAACCBAECECADBECACECBCDBECCAAE,EDCCCCDAEBDCBDACCEACBCEDADDCBCCBBDDCBECAEBADE,EBDAC99999DEBACABCDCDBEBACCBAEEDCDEDDAAAEDACCEABCA,DACAEEAECDEDDCAADAEBAADECDCDEABDDEBACBCBCBEDC,0,DABCEDEBEEBBCABEDDCBCBECDADCDAACBDCCCDBBBEBAB,EBAAEADBCACBBABEECBAAEEBBBADCBADBCEDDEBBCAEAB,ACABBACAEADCEADABDACDCEABDDADBEDDDEBBACCDDDCCEBBBB,DCCAEBABDDCABEECCBCCEXADDCEECDEBADCABBDBDEDCE,1.0,120.0,200.0,120.0,140.0,180.0,760.0
210052305468,2021,4,F,1,1,1,1,2,1,,0,,,,,,,,3529401,MauÃ¡,35,SP,0,0,0,0,,,,,,,,,,,,,1,,,,,,,,,,,
210051509675,2021,8,F,1,3,1,1,6,1,,0,,,,,,,,3550308,SÃ£o Paulo,35,SP,0,0,0,0,,,,,,,,,,,,,0,,,,,,,,,,,
210053535939,2021,3,F,1,1,1,2,0,2,1.0,0,,,,,,,,3550308,SÃ£o Paulo,35,SP,1,1,1,1,911.0,880.0,890.0,902.0,361.7,409.6,473.5,481.0,DCADACDBEEACBDEABABACDEDDACDEBCDADBCDAEBACEBD,BDAECACEBDECADBAEDBCADBABDABECADCEECBBDDAADDA,DABEC99999CDAAEBCEDCDCECBCDBACECDABBBCDADCEDADCBBE,EDDDCCCAEBCCEBDDECCADAEDCCBCACADCDBADDBCACEC.,0,CDBBBCABEDEDEAAEBACCCBDABCDCBCBDECDADCDBBEEBB,BBBAAEECBBABEECEBAAEADBCACAEABEDDEBBBADBCBADC,ABBCAEAACADDCACDCADABBBBDEBBACEADCEBDDACEEDDDBCDBD,ECCCABBDBDDDCEDDCABXEEEBABEDCEDCCAEBADBCCECDA,1.0,100.0,120.0,80.0,120.0,80.0,500.0
210051889472,2021,7,F,1,1,1,1,4,1,,0,,,,,,,,3516200,Franca,35,SP,0,0,0,0,,,,,,,,,,,,,0,,,,,,,,,,,
210051171932,2021,3,F,1,2,1,2,0,2,1.0,0,3550308.0,SÃ£o Paulo,35.0,SP,2.0,1.0,1.0,3550308,SÃ£o Paulo,35,SP,0,0,0,0,,,,,,,,,,,,,1,,,,,,,,,,,
210052810786,2021,4,F,2,3,1,1,2,1,,0,,,,,,,,3552809,TaboÃ£o da Serra,35,SP,0,0,0,0,,,,,,,,,,,,,0,,,,,,,,,,,
